channel,energy_keV,counts,count_rate_cps
0,8.335296,85,0.001076562599
1,10.689394,426,0.005395478437
2,13.044227,1084,0.0137293395
3,15.399797,1460,0.01849154582
4,17.756102,1501,0.01901082895
5,20.113144,1607,0.02035336584
6,22.470922,1660,0.02102463429
7,24.829435,1610,0.02039136217
8,27.188685,1588,0.02011272244
9,29.548671,1612,0.02041669305
10,31.909393,1681,0.02129060857
11,34.270850,1736,0.0219872079
12,36.633044,1718,0.02175922994
13,38.995974,1820,0.02305110506
14,41.359640,1966,0.02490025964
15,43.724042,2028,0.02568551707
16,46.089180,2243,0.02840858717
17,48.455054,2499,0.03165094041
18,50.821664,2742,0.0347286429
19,53.189010,3143,0.03980748528
20,55.557092,3525,0.04464568425
21,57.925911,3754,0.04754607055
22,60.295465,4308,0.0545627256
23,62.665755,4550,0.05762776265
24,65.036781,5349,0.06774745108
25,67.408543,5399,0.0683807232
26,69.781042,5747,0.07278829713
27,72.154276,6048,0.07660059528
28,74.528247,6350,0.08042555886
29,76.902953,6583,0.08337660693
30,79.278395,6726,0.08518776518
31,81.654574,6764,0.08566905199
32,84.031488,7025,0.08897473244
33,86.409139,6942,0.08792350073
34,88.787525,6960,0.08815147869
35,91.166648,7123,0.09021594579
36,93.546507,6945,0.08796149706
37,95.927101,6716,0.08506111076
38,98.308432,6835,0.0865682984
39,100.690499,6781,0.08588436451
40,103.073302,6709,0.08497245266
41,105.456840,6411,0.08119815085
42,107.841115,6445,0.08162877588
43,110.226126,6279,0.07952631246
44,112.611873,6131,0.07765182699
45,114.998356,5999,0.0759799886
46,117.385575,5798,0.07343423469
47,119.773530,5707,0.07228167944
48,122.162221,5622,0.07120511684
49,124.551648,5326,0.06745614591
50,126.941811,5299,0.06711417896
51,129.332710,5061,0.06409980369
52,131.724345,4854,0.06147805712
53,134.116716,4775,0.06047748718
54,136.509824,4616,0.05846368184
55,138.903667,4413,0.05589259705
56,141.298246,4443,0.05627256032
57,143.693561,4232,0.05360015199
58,146.089613,3993,0.05057311127
59,148.486400,3991,0.05054778038
60,150.883923,3785,0.04793869926
61,153.282183,3621,0.04586156672
62,155.681178,3430,0.04344246723
63,158.080910,3432,0.04346779811
64,160.481377,3260,0.04128934203
65,162.882581,3090,0.03913621683
66,165.284521,2987,0.03783167627
67,167.687196,2910,0.03685643721
68,170.090608,2899,0.03671711735
69,172.494755,2689,0.03405737445
70,174.899639,2758,0.03493128998
71,177.305259,2525,0.03198024191
72,179.711615,2542,0.03219555443
73,182.118707,2450,0.03103033373
74,184.526534,2369,0.0300044329
75,186.935098,2246,0.0284465835
76,189.344398,2226,0.02819327465
77,191.754434,2046,0.02591349503
78,194.165206,1999,0.02531821924
79,196.576714,1958,0.0247989361
80,198.988958,1872,0.02370970806
81,201.401938,1867,0.02364638085
82,203.815654,1783,0.02258248369
83,206.230106,1668,0.02112595782
84,208.645295,1600,0.02026470774
85,211.061219,1641,0.02078399088
86,213.477879,1586,0.02008739155
87,215.895275,1514,0.0191754797
88,218.313408,1436,0.0181875752
89,220.732276,1449,0.01835222595
90,223.151880,1386,0.01755430308
91,225.572221,1388,0.01757963397
92,227.993297,1353,0.01713634349
93,230.415110,1221,0.0154645051
94,232.837658,1261,0.01597112279
95,235.260943,1167,0.01478057121
96,237.684963,1092,0.01383066304
97,240.109720,1204,0.01524919258
98,242.535212,1028,0.01302007473
99,244.961441,1067,0.01351402698
100,247.388406,1013,0.01283009309
101,249.816106,921,0.0116648724
102,252.244543,824,0.01043632449
103,254.673716,888,0.0112469128
104,257.103625,839,0.01062630612
105,259.534269,765,0.009689063391
106,261.965650,813,0.01029700462
107,264.397767,735,0.00930910012
108,266.830620,756,0.009575074409
109,269.264209,730,0.009245772909
110,271.698534,723,0.009157114812
111,274.133595,692,0.0087644861
112,276.569392,632,0.008004559559
113,279.005925,667,0.008447850041
114,281.443194,651,0.008245202964
115,283.881200,591,0.007485276423
116,286.319941,601,0.007611930847
117,288.759418,559,0.007079982268
118,291.199631,540,0.006839338864
119,293.640581,547,0.00692799696
120,296.082266,552,0.006991324172
121,298.524687,526,0.006662022671
122,300.967845,537,0.006801342537
123,303.411738,469,0.005940092458
124,305.856367,505,0.006396048382
125,308.301733,454,0.005750110823
126,310.747834,444,0.005623456399
127,313.194672,492,0.006231397632
128,315.642245,432,0.005471471091
129,318.090555,464,0.005876765246
130,320.539601,418,0.005294154898
131,322.989382,409,0.005180165917
132,325.439900,392,0.004964853398
133,327.891154,446,0.005648787284
134,330.343144,429,0.005433474764
135,332.795869,364,0.004610221012
136,335.249331,360,0.004559559243
137,337.703529,347,0.004394908492
138,340.158463,345,0.004369577607
139,342.614133,296,0.003748970933
140,345.070539,327,0.004141599645
141,347.527681,298,0.003774301817
142,349.985559,312,0.00395161801
143,352.444173,304,0.003850294472
144,354.903523,317,0.004014945222
145,357.363609,302,0.003824963587
146,359.824431,281,0.003558989298
147,362.285989,247,0.003128364258
148,364.748284,275,0.003482996644
149,367.211314,253,0.003204356912
150,369.675080,259,0.003280349566
151,372.139582,237,0.003001709835
152,374.604821,257,0.003255018682
153,377.070795,253,0.003204356912
154,379.537506,250,0.003166360585
155,382.004952,253,0.003204356912
156,384.473134,261,0.003305680451
157,386.942053,231,0.002925717181
158,389.411707,210,0.002659742892
159,391.882098,186,0.002355772275
160,394.353225,218,0.00276106643
161,396.825087,194,0.002457095814
162,399.297686,214,0.002710404661
163,401.771021,198,0.002507757583
164,404.245091,219,0.002773731873
165,406.719898,172,0.002178456083
166,409.195441,191,0.002419099487
167,411.671720,202,0.002558419353
168,414.148734,180,0.002279779621
169,416.626485,169,0.002140459756
170,419.104972,160,0.002026470774
171,421.584195,193,0.002444430372
172,424.064154,168,0.002127794313
173,426.544849,167,0.002115128871
174,429.026280,187,0.002368437718
175,431.508447,173,0.002191121525
176,433.991350,149,0.001887150909
177,436.474990,153,0.001937812678
178,438.959365,160,0.002026470774
179,441.444476,173,0.002191121525
180,443.930323,142,0.001798492812
181,446.416906,186,0.002355772275
182,448.904226,175,0.00221645241
183,451.392281,145,0.001836489139
184,453.881072,180,0.002279779621
185,456.370600,142,0.001798492812
186,458.860863,154,0.00195047812
187,461.351863,168,0.002127794313
188,463.843598,147,0.001861820024
189,466.336070,124,0.00157051485
190,468.829277,157,0.001988474447
191,471.323221,141,0.00178582737
192,473.817900,125,0.001583180293
193,476.313316,132,0.001671838389
194,478.809468,124,0.00157051485
195,481.306355,142,0.001798492812
196,483.803979,146,0.001849154582
197,486.302339,122,0.001545183966
198,488.801435,152,0.001925147236
199,491.301267,121,0.001532518523
200,493.801834,145,0.001836489139
201,496.303138,112,0.001418529542
202,498.805178,144,0.001823823697
203,501.307954,130,0.001646507504
204,503.811466,110,0.001393198657
205,506.315714,117,0.001481856754
206,508.820698,126,0.001595845735
207,511.326418,131,0.001659172947
208,513.832874,98,0.001241213349
209,516.340067,98,0.001241213349
210,518.847995,123,0.001557849408
211,521.356659,127,0.001608511177
212,523.866059,93,0.001177886138
213,526.376196,99,0.001253878792
214,528.887068,122,0.001545183966
215,531.398676,96,0.001215882465
216,533.911021,117,0.001481856754
217,536.424101,105,0.001329871446
218,538.937917,110,0.001393198657
219,541.452470,106,0.001342536888
220,543.967758,111,0.0014058641
221,546.483783,100,0.001266544234
222,549.000544,108,0.001367867773
223,551.518040,112,0.001418529542
224,554.036273,96,0.001215882465
225,556.555241,107,0.00135520233
226,559.074946,119,0.001507187639
227,561.595387,112,0.001418529542
228,564.116564,100,0.001266544234
229,566.638476,101,0.001279209676
230,569.161125,85,0.001076562599
231,571.684510,111,0.0014058641
232,574.208631,92,0.001165220695
233,576.733488,120,0.001519853081
234,579.259081,79,0.001000569945
235,581.785410,107,0.00135520233
236,584.312475,95,0.001203217022
237,586.840276,77,0.0009752390602
238,589.368813,83,0.001051231714
239,591.898086,80,0.001013235387
240,594.428095,98,0.001241213349
241,596.958840,75,0.0009499081755
242,599.490322,88,0.001114558926
243,602.022539,84,0.001063897157
244,604.555492,81,0.00102590083
245,607.089181,90,0.001139889811
246,609.623607,68,0.0008612500792
247,612.158768,89,0.001127224368
248,614.694666,73,0.0009245772909
249,617.231299,79,0.001000569945
250,619.768668,76,0.0009625736179
251,622.306774,84,0.001063897157
252,624.845616,84,0.001063897157
253,627.385193,78,0.0009879045026
254,629.925507,80,0.001013235387
255,632.466556,68,0.0008612500792
256,635.008342,65,0.0008232537521
257,637.550864,86,0.001089228041
258,640.094121,76,0.0009625736179
259,642.638115,68,0.0008612500792
260,645.182845,62,0.0007852574251
261,647.728311,74,0.0009372427332
262,650.274513,69,0.0008739155215
263,652.821450,65,0.0008232537521
264,655.369124,82,0.001038566272
265,657.917534,51,0.0006459375594
266,660.466680,71,0.0008992464062
267,663.016562,67,0.0008485846368
268,665.567180,48,0.0006079412323
269,668.118534,61,0.0007725919828
270,670.670624,60,0.0007599265404
271,673.223451,67,0.0008485846368
272,675.777013,52,0.0006586030017
273,678.331311,64,0.0008105883098
274,680.886345,53,0.0006712684441
275,683.442115,72,0.0009119118485
276,685.998622,53,0.0006712684441
277,688.555864,59,0.0007472610981
278,691.113842,54,0.0006839338864
279,693.672557,58,0.0007345956558
280,696.232007,50,0.000633272117
281,698.792194,59,0.0007472610981
282,701.353116,57,0.0007219302134
283,703.914775,60,0.0007599265404
284,706.477169,58,0.0007345956558
285,709.040300,62,0.0007852574251
286,711.604166,59,0.0007472610981
287,714.168769,53,0.0006712684441
288,716.734108,64,0.0008105883098
289,719.300182,55,0.0006965993287
290,721.866993,67,0.0008485846368
291,724.434540,59,0.0007472610981
292,727.002823,66,0.0008359191945
293,729.571842,53,0.0006712684441
294,732.141597,48,0.0006079412323
295,734.712087,55,0.0006965993287
296,737.283314,52,0.0006586030017
297,739.855277,68,0.0008612500792
298,742.427976,54,0.0006839338864
299,745.001411,49,0.0006206066747
300,747.575582,45,0.0005699449053
301,750.150489,61,0.0007725919828
302,752.726133,51,0.0006459375594
303,755.302512,54,0.0006839338864
304,757.879627,62,0.0007852574251
305,760.457478,41,0.000519283136
306,763.036065,41,0.000519283136
307,765.615389,51,0.0006459375594
308,768.195448,49,0.0006206066747
309,770.776243,44,0.000557279463
310,773.357775,51,0.0006459375594
311,775.940042,42,0.0005319485783
312,778.523046,53,0.0006712684441
313,781.106785,45,0.0005699449053
314,783.691261,58,0.0007345956558
315,786.276472,44,0.000557279463
316,788.862420,43,0.0005446140206
317,791.449103,46,0.0005826103477
318,794.036523,49,0.0006206066747
319,796.624679,36,0.0004559559243
320,799.213570,46,0.0005826103477
321,801.803198,49,0.0006206066747
322,804.393562,41,0.000519283136
323,806.984662,41,0.000519283136
324,809.576497,45,0.0005699449053
325,812.169069,43,0.0005446140206
326,814.762377,56,0.0007092647711
327,817.356421,39,0.0004939522513
328,819.951201,42,0.0005319485783
329,822.546717,41,0.000519283136
330,825.142969,48,0.0006079412323
331,827.739957,36,0.0004559559243
332,830.337681,36,0.0004559559243
333,832.936141,43,0.0005446140206
334,835.535337,37,0.0004686213666
335,838.135270,36,0.0004559559243
336,840.735938,54,0.0006839338864
337,843.337342,52,0.0006586030017
338,845.939482,52,0.0006586030017
339,848.542359,44,0.000557279463
340,851.145971,45,0.0005699449053
341,853.750319,38,0.0004812868089
342,856.355404,32,0.0004052941549
343,858.961224,43,0.0005446140206
344,861.567781,46,0.0005826103477
345,864.175073,46,0.0005826103477
346,866.783102,39,0.0004939522513
347,869.391866,42,0.0005319485783
348,872.001367,49,0.0006206066747
349,874.611603,44,0.000557279463
350,877.222576,44,0.000557279463
351,879.834285,44,0.000557279463
352,882.446730,46,0.0005826103477
353,885.059910,31,0.0003926287126
354,887.673827,39,0.0004939522513
355,890.288480,31,0.0003926287126
356,892.903869,49,0.0006206066747
357,895.519994,35,0.0004432904819
358,898.136854,37,0.0004686213666
359,900.754451,42,0.0005319485783
360,903.372784,50,0.000633272117
361,905.991853,32,0.0004052941549
362,908.611658,37,0.0004686213666
363,911.232200,37,0.0004686213666
364,913.853477,38,0.0004812868089
365,916.475490,45,0.0005699449053
366,919.098239,35,0.0004432904819
367,921.721724,43,0.0005446140206
368,924.345945,43,0.0005446140206
369,926.970903,31,0.0003926287126
370,929.596596,47,0.00059527579
371,932.223025,38,0.0004812868089
372,934.850191,33,0.0004179595972
373,937.478092,37,0.0004686213666
374,940.106729,43,0.0005446140206
375,942.736103,32,0.0004052941549
376,945.366212,40,0.0005066176936
377,947.997058,39,0.0004939522513
378,950.628639,39,0.0004939522513
379,953.260957,44,0.000557279463
380,955.894011,38,0.0004812868089
381,958.527800,29,0.0003672978279
382,961.162326,41,0.000519283136
383,963.797588,26,0.0003293015009
384,966.433585,36,0.0004559559243
385,969.070319,21,0.0002659742892
386,971.707789,37,0.0004686213666
387,974.345995,33,0.0004179595972
388,976.984937,37,0.0004686213666
389,979.624615,37,0.0004686213666
390,982.265029,39,0.0004939522513
391,984.906178,38,0.0004812868089
392,987.548064,37,0.0004686213666
393,990.190687,35,0.0004432904819
394,992.834045,34,0.0004306250396
395,995.478139,40,0.0005066176936
396,998.122969,41,0.000519283136
397,1000.768535,24,0.0003039706162
398,1003.414837,30,0.0003799632702
399,1006.061875,28,0.0003546323855
400,1008.709650,35,0.0004432904819
401,1011.358160,26,0.0003293015009
402,1014.007406,38,0.0004812868089
403,1016.657389,42,0.0005319485783
404,1019.308107,34,0.0004306250396
405,1021.959561,32,0.0004052941549
406,1024.611752,29,0.0003672978279
407,1027.264678,32,0.0004052941549
408,1029.918341,34,0.0004306250396
409,1032.572739,30,0.0003799632702
410,1035.227874,40,0.0005066176936
411,1037.883744,35,0.0004432904819
412,1040.540351,30,0.0003799632702
413,1043.197694,20,0.0002533088468
414,1045.855772,29,0.0003672978279
415,1048.514587,29,0.0003672978279
416,1051.174138,31,0.0003926287126
417,1053.834425,34,0.0004306250396
418,1056.495448,28,0.0003546323855
419,1059.157206,35,0.0004432904819
420,1061.819701,32,0.0004052941549
421,1064.482932,30,0.0003799632702
422,1067.146899,28,0.0003546323855
423,1069.811602,32,0.0004052941549
424,1072.477041,38,0.0004812868089
425,1075.143216,42,0.0005319485783
426,1077.810127,30,0.0003799632702
427,1080.477774,33,0.0004179595972
428,1083.146158,42,0.0005319485783
429,1085.815277,27,0.0003419669432
430,1088.485132,34,0.0004306250396
431,1091.155723,24,0.0003039706162
432,1093.827051,29,0.0003672978279
433,1096.499114,28,0.0003546323855
434,1099.171913,28,0.0003546323855
435,1101.845449,36,0.0004559559243
436,1104.519720,29,0.0003672978279
437,1107.194727,26,0.0003293015009
438,1109.870471,22,0.0002786397315
439,1112.546950,21,0.0002659742892
440,1115.224166,23,0.0002913051738
441,1117.902117,28,0.0003546323855
442,1120.580805,19,0.0002406434045
443,1123.260229,26,0.0003293015009
444,1125.940388,18,0.0002279779621
445,1128.621284,30,0.0003799632702
446,1131.302916,26,0.0003293015009
447,1133.985283,21,0.0002659742892
448,1136.668387,34,0.0004306250396
449,1139.352227,35,0.0004432904819
450,1142.036803,25,0.0003166360585
451,1144.722115,29,0.0003672978279
452,1147.408163,22,0.0002786397315
453,1150.094947,19,0.0002406434045
454,1152.782467,17,0.0002153125198
455,1155.470723,23,0.0002913051738
456,1158.159715,25,0.0003166360585
457,1160.849443,23,0.0002913051738
458,1163.539907,21,0.0002659742892
459,1166.231107,17,0.0002153125198
460,1168.923043,34,0.0004306250396
461,1171.615715,25,0.0003166360585
462,1174.309124,16,0.0002026470774
463,1177.003268,18,0.0002279779621
464,1179.698148,16,0.0002026470774
465,1182.393764,13,0.0001646507504
466,1185.090117,18,0.0002279779621
467,1187.787205,21,0.0002659742892
468,1190.485030,17,0.0002153125198
469,1193.183590,15,0.0001899816351
470,1195.882887,16,0.0002026470774
471,1198.582919,24,0.0003039706162
472,1201.283688,21,0.0002659742892
473,1203.985192,20,0.0002533088468
474,1206.687433,9,0.0001139889811
475,1209.390409,17,0.0002153125198
476,1212.094122,13,0.0001646507504
477,1214.798571,13,0.0001646507504
478,1217.503756,13,0.0001646507504
479,1220.209676,12,0.0001519853081
480,1222.916333,17,0.0002153125198
481,1225.623726,16,0.0002026470774
482,1228.331855,12,0.0001519853081
483,1231.040720,19,0.0002406434045
484,1233.750321,16,0.0002026470774
485,1236.460658,21,0.0002659742892
486,1239.171731,16,0.0002026470774
487,1241.883540,19,0.0002406434045
488,1244.596085,11,0.0001393198657
489,1247.309366,11,0.0001393198657
490,1250.023383,11,0.0001393198657
491,1252.738136,12,0.0001519853081
492,1255.453625,16,0.0002026470774
493,1258.169851,13,0.0001646507504
494,1260.886812,15,0.0001899816351
495,1263.604509,10,0.0001266544234
496,1266.322942,15,0.0001899816351
497,1269.042112,10,0.0001266544234
498,1271.762017,8,0.0001013235387
499,1274.482659,16,0.0002026470774
500,1277.204036,13,0.0001646507504
501,1279.926149,14,0.0001773161928
502,1282.648999,12,0.0001519853081
503,1285.372585,10,0.0001266544234
504,1288.096906,8,0.0001013235387
505,1290.821964,13,0.0001646507504
506,1293.547757,6,7.599265404e-05
507,1296.274287,19,0.0002406434045
508,1299.001553,11,0.0001393198657
509,1301.729554,22,0.0002786397315
510,1304.458292,9,0.0001139889811
511,1307.187766,12,0.0001519853081
512,1309.917976,12,0.0001519853081
513,1312.648922,16,0.0002026470774
514,1315.380604,15,0.0001899816351
515,1318.113021,14,0.0001773161928
516,1320.846175,11,0.0001393198657
517,1323.580065,12,0.0001519853081
518,1326.314691,17,0.0002153125198
519,1329.050054,18,0.0002279779621
520,1331.786152,16,0.0002026470774
521,1334.522986,30,0.0003799632702
522,1337.260556,11,0.0001393198657
523,1339.998862,21,0.0002659742892
524,1342.737904,19,0.0002406434045
525,1345.477682,13,0.0001646507504
526,1348.218197,21,0.0002659742892
527,1350.959447,22,0.0002786397315
528,1353.701433,20,0.0002533088468
529,1356.444156,26,0.0003293015009
530,1359.187614,19,0.0002406434045
531,1361.931809,19,0.0002406434045
532,1364.676739,17,0.0002153125198
533,1367.422406,20,0.0002533088468
534,1370.168808,18,0.0002279779621
535,1372.915947,20,0.0002533088468
536,1375.663821,21,0.0002659742892
537,1378.412432,23,0.0002913051738
538,1381.161779,14,0.0001773161928
539,1383.911861,20,0.0002533088468
540,1386.662680,15,0.0001899816351
541,1389.414235,22,0.0002786397315
542,1392.166525,18,0.0002279779621
543,1394.919552,19,0.0002406434045
544,1397.673315,19,0.0002406434045
545,1400.427814,23,0.0002913051738
546,1403.183049,16,0.0002026470774
547,1405.939020,14,0.0001773161928
548,1408.695727,15,0.0001899816351
549,1411.453170,12,0.0001519853081
550,1414.211349,8,0.0001013235387
551,1416.970264,15,0.0001899816351
552,1419.729915,16,0.0002026470774
553,1422.490302,13,0.0001646507504
554,1425.251425,9,0.0001139889811
555,1428.013285,11,0.0001393198657
556,1430.775880,8,0.0001013235387
557,1433.539211,16,0.0002026470774
558,1436.303278,9,0.0001139889811
559,1439.068082,6,7.599265404e-05
560,1441.833621,9,0.0001139889811
561,1444.599896,13,0.0001646507504
562,1447.366908,10,0.0001266544234
563,1450.134655,8,0.0001013235387
564,1452.903139,6,7.599265404e-05
565,1455.672358,16,0.0002026470774
566,1458.442314,16,0.0002026470774
567,1461.213005,10,0.0001266544234
568,1463.984433,11,0.0001393198657
569,1466.756597,11,0.0001393198657
570,1469.529496,8,0.0001013235387
571,1472.303132,12,0.0001519853081
572,1475.077504,9,0.0001139889811
573,1477.852612,12,0.0001519853081
574,1480.628455,10,0.0001266544234
575,1483.405035,9,0.0001139889811
576,1486.182351,10,0.0001266544234
577,1488.960403,11,0.0001393198657
578,1491.739191,7,8.865809638e-05
579,1494.518715,5,6.33272117e-05
580,1497.298975,11,0.0001393198657
581,1500.079971,8,0.0001013235387
582,1502.861703,6,7.599265404e-05
583,1505.644171,6,7.599265404e-05
584,1508.427375,5,6.33272117e-05
585,1511.211315,7,8.865809638e-05
586,1513.995992,10,0.0001266544234
587,1516.781404,13,0.0001646507504
588,1519.567552,8,0.0001013235387
589,1522.354436,6,7.599265404e-05
590,1525.142057,10,0.0001266544234
591,1527.930413,9,0.0001139889811
592,1530.719505,6,7.599265404e-05
593,1533.509334,8,0.0001013235387
594,1536.299898,7,8.865809638e-05
595,1539.091199,7,8.865809638e-05
596,1541.883235,6,7.599265404e-05
597,1544.676008,5,6.33272117e-05
598,1547.469516,10,0.0001266544234
599,1550.263761,6,7.599265404e-05
600,1553.058742,5,6.33272117e-05
601,1555.854458,6,7.599265404e-05
602,1558.650911,6,7.599265404e-05
603,1561.448100,6,7.599265404e-05
604,1564.246024,8,0.0001013235387
605,1567.044685,1,1.266544234e-05
606,1569.844082,10,0.0001266544234
607,1572.644215,4,5.066176936e-05
608,1575.445084,5,6.33272117e-05
609,1578.246689,9,0.0001139889811
610,1581.049030,7,8.865809638e-05
611,1583.852107,6,7.599265404e-05
612,1586.655920,2,2.533088468e-05
613,1589.460469,4,5.066176936e-05
614,1592.265754,5,6.33272117e-05
615,1595.071775,1,1.266544234e-05
616,1597.878532,4,5.066176936e-05
617,1600.686025,8,0.0001013235387
618,1603.494255,6,7.599265404e-05
619,1606.303220,7,8.865809638e-05
620,1609.112921,9,0.0001139889811
621,1611.923358,6,7.599265404e-05
622,1614.734532,4,5.066176936e-05
623,1617.546441,8,0.0001013235387
624,1620.359086,8,0.0001013235387
625,1623.172468,8,0.0001013235387
626,1625.986585,6,7.599265404e-05
627,1628.801439,4,5.066176936e-05
628,1631.617028,2,2.533088468e-05
629,1634.433354,6,7.599265404e-05
630,1637.250416,6,7.599265404e-05
631,1640.068213,4,5.066176936e-05
632,1642.886747,1,1.266544234e-05
633,1645.706016,8,0.0001013235387
634,1648.526022,3,3.799632702e-05
635,1651.346764,7,8.865809638e-05
636,1654.168242,9,0.0001139889811
637,1656.990456,8,0.0001013235387
638,1659.813405,8,0.0001013235387
639,1662.637091,5,6.33272117e-05
640,1665.461513,5,6.33272117e-05
641,1668.286671,3,3.799632702e-05
642,1671.112565,7,8.865809638e-05
643,1673.939195,4,5.066176936e-05
644,1676.766561,8,0.0001013235387
645,1679.594663,7,8.865809638e-05
646,1682.423501,8,0.0001013235387
647,1685.253075,5,6.33272117e-05
648,1688.083386,4,5.066176936e-05
649,1690.914432,5,6.33272117e-05
650,1693.746214,5,6.33272117e-05
651,1696.578732,3,3.799632702e-05
652,1699.411987,6,7.599265404e-05
653,1702.245977,5,6.33272117e-05
654,1705.080703,7,8.865809638e-05
655,1707.916166,6,7.599265404e-05
656,1710.752364,4,5.066176936e-05
657,1713.589299,6,7.599265404e-05
658,1716.426969,5,6.33272117e-05
659,1719.265376,5,6.33272117e-05
660,1722.104518,4,5.066176936e-05
661,1724.944397,8,0.0001013235387
662,1727.785011,4,5.066176936e-05
663,1730.626362,4,5.066176936e-05
664,1733.468449,1,1.266544234e-05
665,1736.311271,6,7.599265404e-05
666,1739.154830,1,1.266544234e-05
667,1741.999125,7,8.865809638e-05
668,1744.844156,5,6.33272117e-05
669,1747.689923,3,3.799632702e-05
670,1750.536425,2,2.533088468e-05
671,1753.383664,2,2.533088468e-05
672,1756.231639,3,3.799632702e-05
673,1759.080350,4,5.066176936e-05
674,1761.929797,6,7.599265404e-05
675,1764.779980,2,2.533088468e-05
676,1767.630899,5,6.33272117e-05
677,1770.482554,4,5.066176936e-05
678,1773.334946,8,0.0001013235387
679,1776.188073,4,5.066176936e-05
680,1779.041936,2,2.533088468e-05
681,1781.896535,6,7.599265404e-05
682,1784.751870,4,5.066176936e-05
683,1787.607942,0,0
684,1790.464749,0,0
685,1793.322292,3,3.799632702e-05
686,1796.180572,6,7.599265404e-05
687,1799.039587,8,0.0001013235387
688,1801.899339,6,7.599265404e-05
689,1804.759826,5,6.33272117e-05
690,1807.621050,6,7.599265404e-05
691,1810.483009,1,1.266544234e-05
692,1813.345705,9,0.0001139889811
693,1816.209136,8,0.0001013235387
694,1819.073304,4,5.066176936e-05
695,1821.938208,4,5.066176936e-05
696,1824.803847,5,6.33272117e-05
697,1827.670223,2,2.533088468e-05
698,1830.537335,1,1.266544234e-05
699,1833.405183,5,6.33272117e-05
700,1836.273766,5,6.33272117e-05
701,1839.143086,2,2.533088468e-05
702,1842.013142,4,5.066176936e-05
703,1844.883934,6,7.599265404e-05
704,1847.755462,2,2.533088468e-05
705,1850.627726,3,3.799632702e-05
706,1853.500726,6,7.599265404e-05
707,1856.374462,1,1.266544234e-05
708,1859.248934,3,3.799632702e-05
709,1862.124142,1,1.266544234e-05
710,1865.000086,6,7.599265404e-05
711,1867.876767,6,7.599265404e-05
712,1870.754183,2,2.533088468e-05
713,1873.632335,5,6.33272117e-05
714,1876.511223,4,5.066176936e-05
715,1879.390848,4,5.066176936e-05
716,1882.271208,1,1.266544234e-05
717,1885.152304,4,5.066176936e-05
718,1888.034137,3,3.799632702e-05
719,1890.916705,7,8.865809638e-05
720,1893.800010,8,0.0001013235387
721,1896.684050,4,5.066176936e-05
722,1899.568827,2,2.533088468e-05
723,1902.454339,2,2.533088468e-05
724,1905.340588,2,2.533088468e-05
725,1908.227572,5,6.33272117e-05
726,1911.115293,0,0
727,1914.003750,2,2.533088468e-05
728,1916.892943,3,3.799632702e-05
729,1919.782871,7,8.865809638e-05
730,1922.673536,4,5.066176936e-05
731,1925.564937,3,3.799632702e-05
732,1928.457074,5,6.33272117e-05
733,1931.349947,2,2.533088468e-05
734,1934.243556,7,8.865809638e-05
735,1937.137900,3,3.799632702e-05
736,1940.032981,3,3.799632702e-05
737,1942.928798,4,5.066176936e-05
738,1945.825352,1,1.266544234e-05
739,1948.722641,8,0.0001013235387
740,1951.620666,6,7.599265404e-05
741,1954.519427,3,3.799632702e-05
742,1957.418924,3,3.799632702e-05
743,1960.319157,2,2.533088468e-05
744,1963.220126,2,2.533088468e-05
745,1966.121832,2,2.533088468e-05
746,1969.024273,6,7.599265404e-05
747,1971.927450,2,2.533088468e-05
748,1974.831364,3,3.799632702e-05
749,1977.736013,7,8.865809638e-05
750,1980.641398,3,3.799632702e-05
751,1983.547520,6,7.599265404e-05
752,1986.454377,2,2.533088468e-05
753,1989.361971,8,0.0001013235387
754,1992.270301,2,2.533088468e-05
755,1995.179366,4,5.066176936e-05
756,1998.089168,2,2.533088468e-05
757,2000.999705,4,5.066176936e-05
758,2003.910979,6,7.599265404e-05
759,2006.822989,7,8.865809638e-05
760,2009.735734,5,6.33272117e-05
761,2012.649216,2,2.533088468e-05
762,2015.563434,2,2.533088468e-05
763,2018.478388,2,2.533088468e-05
764,2021.394078,3,3.799632702e-05
765,2024.310504,3,3.799632702e-05
766,2027.227666,3,3.799632702e-05
767,2030.145564,1,1.266544234e-05
768,2033.064198,2,2.533088468e-05
769,2035.983568,0,0
770,2038.903674,1,1.266544234e-05
771,2041.824516,2,2.533088468e-05
772,2044.746094,3,3.799632702e-05
773,2047.668408,0,0
774,2050.591458,4,5.066176936e-05
775,2053.515244,2,2.533088468e-05
776,2056.439767,4,5.066176936e-05
777,2059.365025,2,2.533088468e-05
778,2062.291019,1,1.266544234e-05
779,2065.217750,2,2.533088468e-05
780,2068.145216,4,5.066176936e-05
781,2071.073418,2,2.533088468e-05
782,2074.002357,4,5.066176936e-05
783,2076.932031,4,5.066176936e-05
784,2079.862442,1,1.266544234e-05
785,2082.793588,3,3.799632702e-05
786,2085.725471,6,7.599265404e-05
787,2088.658090,4,5.066176936e-05
788,2091.591444,6,7.599265404e-05
789,2094.525535,4,5.066176936e-05
790,2097.460362,7,8.865809638e-05
791,2100.395924,1,1.266544234e-05
792,2103.332223,2,2.533088468e-05
793,2106.269258,4,5.066176936e-05
794,2109.207029,4,5.066176936e-05
795,2112.145536,6,7.599265404e-05
796,2115.084779,4,5.066176936e-05
797,2118.024757,2,2.533088468e-05
798,2120.965472,6,7.599265404e-05
799,2123.906923,5,6.33272117e-05
800,2126.849110,7,8.865809638e-05
801,2129.792033,5,6.33272117e-05
802,2132.735693,7,8.865809638e-05
803,2135.680088,5,6.33272117e-05
804,2138.625219,2,2.533088468e-05
805,2141.571086,5,6.33272117e-05
806,2144.517689,5,6.33272117e-05
807,2147.465028,3,3.799632702e-05
808,2150.413104,6,7.599265404e-05
809,2153.361915,4,5.066176936e-05
810,2156.311462,4,5.066176936e-05
811,2159.261746,3,3.799632702e-05
812,2162.212765,2,2.533088468e-05
813,2165.164521,2,2.533088468e-05
814,2168.117012,4,5.066176936e-05
815,2171.070240,2,2.533088468e-05
816,2174.024203,3,3.799632702e-05
817,2176.978903,6,7.599265404e-05
818,2179.934338,7,8.865809638e-05
819,2182.890510,2,2.533088468e-05
820,2185.847418,3,3.799632702e-05
821,2188.805061,2,2.533088468e-05
822,2191.763441,2,2.533088468e-05
823,2194.722557,0,0
824,2197.682408,2,2.533088468e-05
825,2200.642996,1,1.266544234e-05
826,2203.604320,2,2.533088468e-05
827,2206.566380,3,3.799632702e-05
828,2209.529176,2,2.533088468e-05
829,2212.492708,3,3.799632702e-05
830,2215.456976,1,1.266544234e-05
831,2218.421980,3,3.799632702e-05
832,2221.387720,2,2.533088468e-05
833,2224.354196,2,2.533088468e-05
834,2227.321408,1,1.266544234e-05
835,2230.289356,4,5.066176936e-05
836,2233.258040,3,3.799632702e-05
837,2236.227461,3,3.799632702e-05
838,2239.197617,2,2.533088468e-05
839,2242.168509,2,2.533088468e-05
840,2245.140137,0,0
841,2248.112502,2,2.533088468e-05
842,2251.085602,3,3.799632702e-05
843,2254.059438,2,2.533088468e-05
844,2257.034011,2,2.533088468e-05
845,2260.009319,2,2.533088468e-05
846,2262.985364,3,3.799632702e-05
847,2265.962144,4,5.066176936e-05
848,2268.939661,0,0
849,2271.917913,0,0
850,2274.896902,1,1.266544234e-05
851,2277.876627,1,1.266544234e-05
852,2280.857087,3,3.799632702e-05
853,2283.838284,2,2.533088468e-05
854,2286.820217,2,2.533088468e-05
855,2289.802886,1,1.266544234e-05
856,2292.786290,0,0
857,2295.770431,0,0
858,2298.755308,2,2.533088468e-05
859,2301.740921,3,3.799632702e-05
860,2304.727270,3,3.799632702e-05
861,2307.714355,1,1.266544234e-05
862,2310.702176,1,1.266544234e-05
863,2313.690733,1,1.266544234e-05
864,2316.680026,0,0
865,2319.670055,0,0
866,2322.660820,2,2.533088468e-05
867,2325.652321,0,0
868,2328.644559,0,0
869,2331.637532,0,0
870,2334.631241,3,3.799632702e-05
871,2337.625686,2,2.533088468e-05
872,2340.620868,3,3.799632702e-05
873,2343.616785,3,3.799632702e-05
874,2346.613438,1,1.266544234e-05
875,2349.610828,0,0
876,2352.608953,0,0
877,2355.607815,1,1.266544234e-05
878,2358.607412,1,1.266544234e-05
879,2361.607746,3,3.799632702e-05
880,2364.608815,1,1.266544234e-05
881,2367.610621,1,1.266544234e-05
882,2370.613163,0,0
883,2373.616440,4,5.066176936e-05
884,2376.620454,3,3.799632702e-05
885,2379.625204,1,1.266544234e-05
886,2382.630690,2,2.533088468e-05
887,2385.636911,1,1.266544234e-05
888,2388.643869,2,2.533088468e-05
889,2391.651563,2,2.533088468e-05
890,2394.659993,1,1.266544234e-05
891,2397.669159,1,1.266544234e-05
892,2400.679061,2,2.533088468e-05
893,2403.689699,1,1.266544234e-05
894,2406.701073,2,2.533088468e-05
895,2409.713183,1,1.266544234e-05
896,2412.726029,1,1.266544234e-05
897,2415.739611,3,3.799632702e-05
898,2418.753929,0,0
899,2421.768983,0,0
900,2424.784774,1,1.266544234e-05
901,2427.801300,1,1.266544234e-05
902,2430.818562,1,1.266544234e-05
903,2433.836560,1,1.266544234e-05
904,2436.855295,1,1.266544234e-05
905,2439.874765,1,1.266544234e-05
906,2442.894972,1,1.266544234e-05
907,2445.915914,4,5.066176936e-05
908,2448.937592,1,1.266544234e-05
909,2451.960007,1,1.266544234e-05
910,2454.983157,2,2.533088468e-05
911,2458.007044,2,2.533088468e-05
912,2461.031667,1,1.266544234e-05
913,2464.057025,1,1.266544234e-05
914,2467.083120,2,2.533088468e-05
915,2470.109951,1,1.266544234e-05
916,2473.137517,2,2.533088468e-05
917,2476.165820,3,3.799632702e-05
918,2479.194859,2,2.533088468e-05
919,2482.224634,1,1.266544234e-05
920,2485.255145,1,1.266544234e-05
921,2488.286391,3,3.799632702e-05
922,2491.318374,3,3.799632702e-05
923,2494.351093,1,1.266544234e-05
924,2497.384548,1,1.266544234e-05
925,2500.418739,2,2.533088468e-05
926,2503.453666,0,0
927,2506.489329,2,2.533088468e-05
928,2509.525728,1,1.266544234e-05
929,2512.562864,2,2.533088468e-05
930,2515.600735,0,0
931,2518.639342,1,1.266544234e-05
932,2521.678685,1,1.266544234e-05
933,2524.718765,1,1.266544234e-05
934,2527.759580,0,0
935,2530.801131,1,1.266544234e-05
936,2533.843418,2,2.533088468e-05
937,2536.886442,1,1.266544234e-05
938,2539.930201,1,1.266544234e-05
939,2542.974697,1,1.266544234e-05
940,2546.019928,5,6.33272117e-05
941,2549.065896,5,6.33272117e-05
942,2552.112599,2,2.533088468e-05
943,2555.160039,1,1.266544234e-05
944,2558.208215,0,0
945,2561.257126,1,1.266544234e-05
946,2564.306774,1,1.266544234e-05
947,2567.357158,0,0
948,2570.408277,1,1.266544234e-05
949,2573.460133,1,1.266544234e-05
950,2576.512725,1,1.266544234e-05
951,2579.566053,0,0
952,2582.620117,1,1.266544234e-05
953,2585.674917,1,1.266544234e-05
954,2588.730452,2,2.533088468e-05
955,2591.786724,1,1.266544234e-05
956,2594.843732,0,0
957,2597.901476,0,0
958,2600.959957,1,1.266544234e-05
959,2604.019173,1,1.266544234e-05
960,2607.079125,2,2.533088468e-05
961,2610.139813,2,2.533088468e-05
962,2613.201237,0,0
963,2616.263397,1,1.266544234e-05
964,2619.326294,2,2.533088468e-05
965,2622.389926,0,0
966,2625.454294,0,0
967,2628.519399,1,1.266544234e-05
968,2631.585239,0,0
969,2634.651815,1,1.266544234e-05
970,2637.719128,1,1.266544234e-05
971,2640.787176,0,0
972,2643.855961,1,1.266544234e-05
973,2646.925481,0,0
974,2649.995738,0,0
975,2653.066730,1,1.266544234e-05
976,2656.138459,1,1.266544234e-05
977,2659.210924,2,2.533088468e-05
978,2662.284124,0,0
979,2665.358061,2,2.533088468e-05
980,2668.432734,2,2.533088468e-05
981,2671.508143,3,3.799632702e-05
982,2674.584288,2,2.533088468e-05
983,2677.661168,2,2.533088468e-05
984,2680.738785,2,2.533088468e-05
985,2683.817138,0,0
986,2686.896227,2,2.533088468e-05
987,2689.976052,3,3.799632702e-05
988,2693.056613,0,0
989,2696.137910,1,1.266544234e-05
990,2699.219943,2,2.533088468e-05
991,2702.302713,0,0
992,2705.386218,2,2.533088468e-05
993,2708.470459,0,0
994,2711.555436,0,0
995,2714.641149,1,1.266544234e-05
996,2717.727599,0,0
997,2720.814784,0,0
998,2723.902705,2,2.533088468e-05
999,2726.991363,0,0
1000,2730.080756,0,0
1001,2733.170885,1,1.266544234e-05
1002,2736.261751,1,1.266544234e-05
1003,2739.353352,0,0
1004,2742.445690,1,1.266544234e-05
1005,2745.538763,1,1.266544234e-05
1006,2748.632573,1,1.266544234e-05
1007,2751.727119,0,0
1008,2754.822400,3,3.799632702e-05
1009,2757.918418,1,1.266544234e-05
1010,2761.015172,0,0
1011,2764.112662,0,0
1012,2767.210887,0,0
1013,2770.309849,1,1.266544234e-05
1014,2773.409547,0,0
1015,2776.509981,0,0
1016,2779.611151,1,1.266544234e-05
1017,2782.713057,1,1.266544234e-05
1018,2785.815699,0,0
1019,2788.919077,1,1.266544234e-05
1020,2792.023191,1,1.266544234e-05
1021,2795.128041,2,2.533088468e-05
1022,2798.233627,0,0
1023,2801.339949,1131,0.01432461529
