mae_x_cm,mae_z_cm,mae_radius_cm,median_radius_cm,p90_radius_cm,rmse_radius_cm,bias_x_cm,bias_z_cm,k,metric,normalization,weighting,virtual_quadrants,training_events,reference_events,test_events
0.7466025573946542,0.7704607725775229,1.2301128315774625,0.952246736965036,2.488254959427749,1.5759536214569976,-0.05623796806443952,-0.007012325620027145,8,euclidean,l1,inverse2,False,10000,10000,1000
0.7549059384983557,0.7683620822007772,1.2399483712308128,0.954197096653683,2.547305798921021,1.6003593329874326,-0.04747212756456504,0.00435910002703263,5,euclidean,l1,inverse2,False,10000,10000,1000
0.753651347791762,0.7910214115342492,1.2515285288145046,0.9735509322379952,2.499237015090957,1.6001246918785927,-0.056131825872759514,-0.013847798181259134,12,euclidean,l1,inverse2,False,10000,10000,1000
0.7628400346366477,0.7897751500834654,1.2555439230236434,0.9832680921646895,2.565622905203312,1.59985537309335,-0.060477240151625075,-0.011645457176169886,8,euclidean,l1,inverse,False,10000,10000,1000
0.764544793302864,0.7784462359142934,1.2561433823366641,0.9608205858190888,2.5881786206430966,1.6125034889584837,-0.049308214455497594,0.0016885855989291212,5,euclidean,l1,inverse,False,10000,10000,1000
0.779363398,0.7962491260000001,1.2796871958486802,0.9746275254011413,2.63273430735607,1.6344260495880771,-0.051104751999999844,-0.0012076019999999854,5,euclidean,l1,uniform,False,10000,10000,1000
0.7695937677339239,0.8107941817726857,1.2818580918752178,0.9716321423870699,2.575666445252314,1.638832186623917,-0.06265432350916689,-0.0206652046696592,16,euclidean,l1,inverse2,False,10000,10000,1000
0.7770818638828527,0.8110969543816097,1.28620033153665,0.9697999937220554,2.6066588537133897,1.6917459240537687,-0.04583259035052253,0.006043368732234107,3,euclidean,l1,inverse2,False,10000,10000,1000
0.7651156105765909,0.8211068291122069,1.2879425906445752,0.9440568786275922,2.7800383904234347,1.6818489239964876,-0.043003470471560334,-0.011648882968239687,16,euclidean,sqrt_l1,inverse2,False,10000,10000,1000
0.7840705020000001,0.8139127060000001,1.288403543654957,1.0134554550379251,2.6093012247448666,1.6347066680362226,-0.06492975199999997,-0.01583260199999996,8,euclidean,l1,uniform,False,10000,10000,1000
0.7762017163172193,0.8201043862395675,1.289760412430576,0.994822519672554,2.59433191012874,1.6412684227039505,-0.06080225579141737,-0.0185790480060531,12,euclidean,l1,inverse,False,10000,10000,1000
0.7822952121964837,0.8145189033159093,1.2919192155952732,0.9910202027228742,2.631473704331361,1.695880659019527,-0.047932048674290455,0.0036842677549968742,3,euclidean,l1,inverse,False,10000,10000,1000
0.7724834668765168,0.8280472131794306,1.299586096026575,0.9595548092085844,2.810960599983721,1.6920640421013808,-0.04383798650483685,-0.014554291717091218,16,euclidean,sqrt_l1,inverse,False,10000,10000,1000
0.7733517936012341,0.8367768431397881,1.2999872329818136,0.9530585367898985,2.723131574127386,1.7220473100743896,-0.03693756387872469,0.02660801430247755,8,euclidean,sqrt_l1,inverse2,False,10000,10000,1000
0.7906686386666668,0.8219449113333334,1.3041391922221315,1.0029069259611116,2.656560815661013,1.7088292492863448,-0.05030475199999995,0.0011257313333334195,3,euclidean,l1,uniform,False,10000,10000,1000
0.7770385709475423,0.8417479483950958,1.306705347019537,0.9656382950069439,2.7725164871760506,1.727884898905919,-0.039109296488159626,0.02804585570538087,8,euclidean,sqrt_l1,inverse,False,10000,10000,1000
0.7788397719538004,0.8443093967649226,1.309049131096135,0.975538785411808,2.751851261740484,1.707981849807655,-0.05825989292098232,0.011832785374009475,12,euclidean,sqrt_l1,inverse2,False,10000,10000,1000
0.7804054900000001,0.8353578540000001,1.3121700584028893,0.9818848942808667,2.8446694718012284,1.7035146839026918,-0.04467975199999997,-0.017957601999999958,16,euclidean,sqrt_l1,uniform,False,10000,10000,1000
0.7822873260000001,0.8471256680000001,1.3146577125008427,0.9776256501333519,2.7486382320691054,1.735555535418584,-0.041179751999999965,0.02916739800000004,8,euclidean,sqrt_l1,uniform,False,10000,10000,1000
0.7850734048902225,0.8524062676083272,1.3202564172567088,0.9898818449051783,2.7571359156303967,1.7182584934710738,-0.061661221277096424,0.010641179007621633,12,euclidean,sqrt_l1,inverse,False,10000,10000,1000
0.788360557043541,0.8367047792813601,1.3214468998303732,0.9636569015140908,2.822911767484281,1.7124078359984758,-0.05092421419227377,-0.02016090278742666,24,euclidean,sqrt_l1,inverse2,False,10000,10000,1000
0.7920516346666668,0.8609829560000001,1.3327087112906653,0.9915996070869519,2.7359372156924846,1.7301391728043405,-0.06513808533333325,0.008875731333333348,12,euclidean,sqrt_l1,uniform,False,10000,10000,1000
0.7993258319197597,0.8473099543158779,1.3329119385948605,1.0118897608436304,2.733703265590577,1.6977278411670527,-0.069465257311119,-0.026974257118625056,16,euclidean,l1,inverse,False,10000,10000,1000
0.8017320546666665,0.8522348346666667,1.3342495975164612,1.033096803509868,2.671636880589525,1.693558900542116,-0.0651380853333334,-0.022374268666666596,12,euclidean,l1,uniform,False,10000,10000,1000
0.801636776164007,0.8522099046967407,1.3359318053554112,1.0131384074863181,2.760228111247146,1.7661304792429806,-0.028088612186628607,0.021246597009470385,5,euclidean,sqrt_l1,inverse2,False,10000,10000,1000
0.8003296606636184,0.8457944896279678,1.338735443117579,0.9711053766003724,2.8553520353274733,1.7294341487240168,-0.05275050018727221,-0.023128293172201764,24,euclidean,sqrt_l1,inverse,False,10000,10000,1000
0.8054543837294348,0.8564185827351136,1.3415873086609718,1.0086162347914038,2.7194282877691798,1.7699085993179815,-0.030812431734587493,0.022687985504099683,5,euclidean,sqrt_l1,inverse,False,10000,10000,1000
0.8101870079999999,0.8619649160000001,1.3492131518944388,1.0044382188549592,2.738024707454664,1.7759465775670413,-0.033704751999999866,0.023592398000000007,5,euclidean,sqrt_l1,uniform,False,10000,10000,1000
0.8136434029279533,0.8546304141255932,1.352710392160051,1.0526884051150835,2.7297060759153955,1.7151686344116068,-0.06577098526430572,-0.03562289320396438,24,euclidean,l1,inverse2,False,10000,10000,1000
0.81302378,0.8557705239999999,1.35642011341468,0.9774880591420756,2.92702478279895,1.7473642964619216,-0.05459641866666647,-0.026165935333333265,24,euclidean,sqrt_l1,uniform,False,10000,10000,1000
0.817314796922848,0.8716377066945695,1.3711325541737889,0.9713076465715976,2.9478456446363843,1.77829314285265,-0.06744367180775798,-0.030246741937251125,32,euclidean,sqrt_l1,inverse2,False,10000,10000,1000
0.8344639119999999,0.8859651480000001,1.389750597077354,1.0365649220037763,2.841276552788844,1.7672038524239606,-0.07617975199999995,-0.033145101999999954,16,euclidean,l1,uniform,False,10000,10000,1000
0.8338726120318296,0.8881077910799932,1.3965733984737316,0.9922601849043029,3.088783767861923,1.8063820592411628,-0.07175478034767395,-0.033918970835241626,32,euclidean,sqrt_l1,inverse,False,10000,10000,1000
0.850406234082196,0.8885101186921885,1.4094071341439596,1.113923439476355,2.889688535631843,1.7769980333884232,-0.0751260455889128,-0.038085088236482045,32,euclidean,l1,inverse2,False,10000,10000,1000
0.85067028,0.904693072,1.422502181573789,1.0237498317785807,3.1432855737882157,1.8352105920090171,-0.07614850199999995,-0.03770760199999996,32,euclidean,sqrt_l1,uniform,False,10000,10000,1000
0.8671615199053879,0.9135321943781893,1.4379230921848987,1.1098856409915645,2.9519164639245408,1.81422250022407,-0.07175680512519454,-0.045116624486310285,24,euclidean,l1,inverse,False,10000,10000,1000
0.8951822141527683,0.9153527116920194,1.4570580045631674,1.1081721545048446,2.9176443672404924,1.9110015156646296,-0.017984633683786236,0.025075090004911017,3,euclidean,sqrt_l1,inverse2,False,10000,10000,1000
0.8981545117410384,0.9197367948108759,1.4625924782553215,1.1177403510793806,2.8856135729874706,1.9138067674716575,-0.020312552511292953,0.027420468370820284,3,euclidean,sqrt_l1,inverse,False,10000,10000,1000
0.902226326,0.9251727126666667,1.46986085491941,1.1259796798536867,2.8623784797642005,1.9188833277875383,-0.02297141866666662,0.02945906466666675,3,euclidean,sqrt_l1,uniform,False,10000,10000,1000
0.9209407178084912,0.9618737954114515,1.5219573606373278,1.1812309277142239,3.0955206135292963,1.9068306619810758,-0.08284691332470855,-0.04759461989692276,32,euclidean,l1,inverse,False,10000,10000,1000
0.9241434480000001,0.9721389753333333,1.5278926615014703,1.1571236554442166,3.1075267060877656,1.9225996220164103,-0.07647141866666644,-0.05341593533333346,24,euclidean,l1,uniform,False,10000,10000,1000
0.9862079799999999,0.99444276,1.6014999656902082,1.1903778877042366,3.1900824023684184,2.150081848854152,-0.013304751999999958,0.02779239800000004,1,euclidean,l1,uniform,False,10000,10000,1000
0.9862079799999999,0.99444276,1.6014999656902082,1.1903778877042366,3.1900824023684184,2.150081848854152,-0.013304751999999958,0.02779239800000004,1,euclidean,l1,inverse,False,10000,10000,1000
0.9862079799999999,0.99444276,1.6014999656902082,1.1903778877042366,3.1900824023684184,2.150081848854152,-0.013304751999999958,0.02779239800000004,1,euclidean,l1,inverse2,False,10000,10000,1000
0.992560884,1.033123062,1.6358613181462671,1.2585846391747455,3.3045321820153624,2.0419364330114655,-0.08883600199999997,-0.05583260199999996,32,euclidean,l1,uniform,False,10000,10000,1000
1.18129959,1.162950874,1.895711249184697,1.4389079654388097,3.8016862869648484,2.5045581216598043,0.05169524800000004,0.008792398000000042,1,euclidean,sqrt_l1,uniform,False,10000,10000,1000
1.18129959,1.162950874,1.895711249184697,1.4389079654388097,3.8016862869648484,2.5045581216598043,0.05169524800000004,0.008792398000000042,1,euclidean,sqrt_l1,inverse,False,10000,10000,1000
1.18129959,1.162950874,1.895711249184697,1.4389079654388097,3.8016862869648484,2.5045581216598043,0.05169524800000004,0.008792398000000042,1,euclidean,sqrt_l1,inverse2,False,10000,10000,1000
1.3667505856817976,1.3426284462587679,2.188475287262412,1.651269541464151,4.698557758809042,2.9337809749842174,-0.08207885595100721,-0.01606853409918015,32,euclidean,log1p,inverse2,False,10000,10000,1000
1.3700249135999332,1.3578595909586093,2.198843290105107,1.6680906043964363,4.749864528803788,2.88992655221373,-0.07320334330796617,-0.02377953145308069,32,euclidean,log1p,inverse,False,10000,10000,1000
1.3882070408375717,1.3431482058453084,2.2011445643548977,1.6990867774616227,4.532047608666714,2.9797473676193484,-0.06391869304644976,-0.015302007403543778,24,euclidean,log1p,inverse2,False,10000,10000,1000
1.3928188372381074,1.3527317782811303,2.2098976454635495,1.704810646912498,4.563791734505509,2.935442098495443,-0.056588880191725616,-0.020591676477537162,24,euclidean,log1p,inverse,False,10000,10000,1000
1.388370728,1.387303962,2.232071537457961,1.6886491623740525,4.773608374814462,2.9890782437207273,-0.046367251999999956,-0.04411385199999994,32,euclidean,log1p,uniform,False,10000,10000,1000
1.4095869553333331,1.3766742086666666,2.235445066192451,1.7085811916417084,4.6220488766250405,2.9577696152008564,-0.03313808533333341,-0.03641593533333331,24,euclidean,log1p,uniform,False,10000,10000,1000
1.4285539229648576,1.3902718755520196,2.250379003744697,1.7345159448851941,4.679596608118934,3.077394325978589,-0.058674675443654706,-0.02644172452750055,16,euclidean,log1p,inverse2,False,10000,10000,1000
1.435870758289867,1.39737023861049,2.261231423749093,1.733795448379459,4.6786775543735155,3.0767078411265456,-0.05667932783863225,-0.028365477482748713,16,euclidean,log1p,inverse,False,10000,10000,1000
1.4445379299999999,1.4090676020000001,2.277052236824249,1.7481176226765782,4.703102054930555,3.074091020553407,-0.05249225199999995,-0.02670760199999995,16,euclidean,log1p,uniform,False,10000,10000,1000
1.444024554785382,1.4161012720260457,2.2785445884677826,1.7639471802134048,4.571398287308681,3.0902307073719943,-0.047832641570311925,-0.026944943598406212,12,euclidean,log1p,inverse2,False,10000,10000,1000
1.4523298878588722,1.4245455899800226,2.2902436119302894,1.780968541004183,4.6079463016805695,3.0995335348887165,-0.045136638759725005,-0.028739158460939336,12,euclidean,log1p,inverse,False,10000,10000,1000
1.4629024679999998,1.44855605,2.31748517391807,1.808597795566951,4.623472228993669,3.1621398320678145,-0.04088808533333317,-0.016790935333333402,12,euclidean,log1p,uniform,False,10000,10000,1000
1.5153576240685551,1.4761326891840623,2.3799623611096075,1.8939590919131728,4.670807936456395,3.272419624897366,-0.0826991900002983,0.03320661984964847,8,euclidean,log1p,inverse2,False,10000,10000,1000
1.52115527434715,1.4813232732705597,2.3878704955773418,1.8901958958134109,4.669314404052267,3.2803534195991846,-0.08144461697890164,0.035133981732595396,8,euclidean,log1p,inverse,False,10000,10000,1000
1.532050876,1.5043573719999999,2.4137594193665493,1.8987525987108431,4.699580296988072,3.3456450941144498,-0.08342975199999998,0.05279239800000006,8,euclidean,log1p,uniform,False,10000,10000,1000
1.646035347998035,1.5887477719138843,2.5737723632700145,2.089070519402221,5.089215625329995,3.317403718229965,-0.06647681265860307,0.007352531169467755,5,euclidean,log1p,inverse2,False,10000,10000,1000
1.6569665216408611,1.5912816246579002,2.583551790829545,2.084371886286176,5.079050944080952,3.3269856033969094,-0.06385423718060411,0.0059930186968733395,5,euclidean,log1p,inverse,False,10000,10000,1000
1.670616344,1.6076191239999997,2.608054238501811,2.1043192401015074,5.113170847783529,3.3673157763375987,-0.06030475199999992,0.0165923979999999,5,euclidean,log1p,uniform,False,10000,10000,1000
1.8114867492590219,1.7645457714687791,2.844620101367247,2.29470989312248,5.37686842984133,3.677944049282496,-0.09667661633952188,0.05262863962602053,3,euclidean,log1p,inverse2,False,10000,10000,1000
1.817549771521366,1.7684225683285952,2.8530987420139615,2.316047535306419,5.410225216791019,3.6873260013222215,-0.09466231200637934,0.05482303334148135,3,euclidean,log1p,inverse,False,10000,10000,1000
1.8265932313333333,1.7798799973333332,2.8698250195176325,2.3526246031011633,5.461321803646041,3.703993757988333,-0.09397141866666663,0.06179239799999996,3,euclidean,log1p,uniform,False,10000,10000,1000
2.4208542680000003,2.4705478039999997,3.8816016456682454,3.241538035584777,7.23486947068423,4.801789799936278,-0.16230475199999994,0.006792398000000062,1,euclidean,log1p,uniform,False,10000,10000,1000
2.4208542680000003,2.4705478039999997,3.8816016456682454,3.241538035584777,7.23486947068423,4.801789799936278,-0.16230475199999994,0.006792398000000062,1,euclidean,log1p,inverse,False,10000,10000,1000
2.4208542680000003,2.4705478039999997,3.8816016456682454,3.241538035584777,7.23486947068423,4.801789799936278,-0.16230475199999994,0.006792398000000062,1,euclidean,log1p,inverse2,False,10000,10000,1000
