event_id,max_sipm,max_sipm_count
0,19,263
1,29,162
2,24,194
3,14,120
4,11,414
5,21,285
6,30,434
7,22,255
8,31,1818
9,6,478
10,18,237
11,12,296
12,11,960
13,20,231
14,3,1315
15,20,393
16,10,544
17,24,210
18,19,298
19,1,1258
20,28,531
21,9,219
22,12,350
23,23,365
24,22,1330
25,20,376
26,2,602
27,17,212
28,16,164
29,5,421
30,1,881
31,1,375
32,7,148
33,1,297
34,6,254
35,9,499
36,8,172
37,3,368
38,25,492
39,2,487
40,23,260
41,27,552
42,10,440
43,27,487
44,11,278
45,29,452
46,30,857
47,1,196
48,7,449
49,7,441
50,11,1373
51,16,59
52,16,217
53,19,193
54,29,551
55,17,332
56,10,292
57,18,232
58,14,228
59,17,1168
60,20,238
61,9,259
62,29,490
63,14,344
64,3,2278
65,8,434
66,6,343
67,26,341
68,25,419
69,18,640
70,31,238
71,6,164
72,3,701
73,20,156
74,31,358
75,10,303
76,19,250
77,17,136
78,10,369
79,19,177
80,16,389
81,21,271
82,27,362
83,19,171
84,18,290
85,17,186
86,19,731
87,13,301
88,3,497
89,24,279
90,11,502
91,13,292
92,10,414
93,26,336
94,1,1009
95,4,361
96,0,488
97,3,1445
98,18,211
99,29,503
100,1,485
101,20,386
102,21,403
103,29,185
104,4,328
105,3,934
106,18,122
107,16,198
108,8,310
109,27,1065
110,23,300
111,23,361
112,15,366
113,17,369
114,16,257
115,14,434
116,15,323
117,28,454
118,0,786
119,6,404
120,6,500
121,3,498
122,26,246
123,8,169
124,9,376
125,21,383
126,12,250
127,21,5986
128,3,235
129,2,287
130,14,337
131,19,214
132,18,158
133,9,164
134,29,442
135,4,814
136,31,674
137,15,506
138,19,219
139,18,168
140,11,391
141,4,1067
142,8,307
143,7,268
144,17,259
145,24,347
146,17,176
147,13,272
148,26,505
149,18,202
150,5,1234
151,25,152
152,11,514
153,12,140
154,10,200
155,8,179
156,29,375
157,21,687
158,1,289
159,27,347
160,29,306
161,24,239
162,1,303
163,19,340
164,8,621
165,13,350
166,9,682
167,20,160
168,6,185
169,24,912
170,9,239
171,29,253
172,16,253
173,22,1224
174,12,645
175,14,602
176,11,347
177,14,285
178,21,457
179,20,938
180,28,678
181,13,272
182,5,793
183,5,558
184,19,146
185,9,195
186,2,455
187,3,1080
188,25,166
189,31,221
190,15,413
191,4,192
192,9,276
193,29,400
194,19,149
195,23,141
196,26,307
197,28,1053
198,1,374
199,24,515
200,3,479
201,1,233
202,15,631
203,19,189
204,28,932
205,7,176
206,30,280
207,19,210
208,16,205
209,31,203
210,4,266
211,2,257
212,24,156
213,5,624
214,1,725
215,9,270
216,20,467
217,22,698
218,10,336
219,26,376
220,24,1103
221,23,376
222,17,346
223,12,143
224,3,331
225,0,775
226,24,257
227,17,166
228,8,256
229,7,339
230,7,317
231,1,213
232,5,324
233,31,447
234,5,578
235,23,770
236,13,228
237,22,280
238,8,181
239,23,243
240,16,301
241,29,246
242,17,297
243,26,266
244,3,401
245,7,216
246,26,776
247,5,444
248,19,222
249,7,482
250,26,915
251,4,706
252,28,727
253,30,568
254,21,451
255,29,299
256,16,541
257,11,354
258,22,527
259,17,151
260,29,263
261,5,535
262,12,220
263,24,278
264,31,327
265,30,1175
266,30,269
267,21,376
268,0,319
269,8,239
270,26,282
271,30,288
272,2,279
273,25,177
274,5,327
275,20,175
276,16,227
277,25,165
278,24,692
279,29,186
280,13,206
281,8,176
282,24,664
283,17,537
284,10,344
285,3,507
286,12,222
287,16,172
288,22,500
289,8,1236
290,13,229
291,15,230
292,20,145
293,29,232
294,14,148
295,5,470
296,20,179
297,4,1096
298,28,368
299,16,236
300,9,301
301,24,227
302,3,217
303,5,373
304,31,377
305,11,472
306,16,256
307,17,845
308,19,150
309,9,151
310,12,733
311,5,346
312,22,425
313,23,424
314,25,218
315,27,675
316,30,428
317,21,362
318,0,776
319,25,134
320,9,506
321,0,367
322,14,216
323,9,782
324,12,262
325,21,1179
326,20,513
327,17,142
328,9,176
329,16,1469
330,31,356
331,23,232
332,15,473
333,6,1080
334,28,493
335,8,164
336,14,168
337,4,1676
338,23,347
339,6,470
340,22,271
341,14,606
342,9,327
343,19,670
344,9,212
345,7,2106
346,13,213
347,3,244
348,7,225
349,2,638
350,19,690
351,31,345
352,16,424
353,24,308
354,12,312
355,4,331
356,2,380
357,6,342
358,2,413
359,29,390
360,0,427
361,25,239
362,26,263
363,21,1157
364,20,234
365,24,421
366,22,635
367,23,172
368,10,229
369,27,445
370,25,217
371,17,302
372,28,367
373,18,365
374,6,573
375,12,282
376,17,287
377,28,390
378,9,696
379,7,154
380,11,396
381,10,886
382,5,322
383,1,318
384,23,156
385,5,288
386,16,280
387,4,328
388,25,262
389,4,272
390,20,212
391,13,285
392,29,225
393,22,291
394,2,194
395,25,345
396,2,652
397,14,139
398,7,138
399,2,382
400,22,361
401,2,359
402,27,540
403,28,710
404,8,200
405,12,214
406,19,159
407,31,262
408,27,349
409,7,151
410,25,412
411,4,314
412,12,296
413,30,381
414,22,515
415,9,994
416,18,201
417,21,173
418,27,1030
419,22,457
420,1,509
421,9,194
422,23,403
423,7,311
424,18,559
425,24,350
426,8,290
427,11,453
428,26,252
429,25,329
430,20,538
431,20,362
432,10,670
433,28,885
434,14,161
435,23,598
436,12,271
437,3,736
438,26,274
439,31,219
440,24,249
441,19,168
442,31,4604
443,30,335
444,22,509
445,1,593
446,14,836
447,1,184
448,20,210
449,23,367
450,27,557
451,18,152
452,22,298
453,23,348
454,9,180
455,18,327
456,25,212
457,10,293
458,2,328
459,18,519
460,12,390
461,12,222
462,22,446
463,27,447
464,4,857
465,28,497
466,25,696
467,11,275
468,8,220
469,5,1858
470,29,403
471,4,383
472,11,418
473,0,294
474,12,558
475,19,326
476,29,335
477,18,237
478,18,323
479,25,219
480,0,370
481,6,191
482,7,236
483,11,401
484,7,178
485,27,757
486,11,353
487,31,878
488,16,296
489,26,143
490,12,345
491,26,198
492,1,420
493,28,735
494,21,368
495,9,316
496,27,470
497,14,197
498,25,193
499,26,813
500,28,553
501,24,238
502,8,278
503,29,331
504,14,280
505,18,377
506,8,209
507,22,381
508,7,231
509,30,322
510,26,237
511,4,296
512,3,899
513,19,233
514,11,654
515,30,360
516,19,266
517,26,387
518,6,384
519,11,246
520,3,602
521,6,548
522,24,236
523,17,585
524,24,201
525,5,314
526,8,321
527,18,206
528,16,278
529,31,993
530,17,742
531,11,741
532,25,383
533,30,384
534,10,424
535,21,193
536,25,297
537,3,520
538,7,232
539,19,262
540,3,589
541,12,826
542,25,558
543,17,203
544,6,403
545,20,309
546,1,933
547,26,685
548,15,289
549,12,158
550,14,228
551,31,304
552,16,405
553,18,393
554,31,250
555,28,432
556,28,527
557,27,247
558,6,246
559,27,339
560,12,263
561,5,1609
562,27,407
563,31,427
564,24,180
565,1,200
566,26,275
567,4,309
568,11,417
569,18,165
570,9,262
571,22,394
572,9,314
573,28,503
574,19,153
575,19,302
576,13,203
577,31,638
578,27,723
579,16,192
580,5,389
581,18,258
582,10,601
583,2,405
584,10,462
585,2,506
586,5,359
587,26,240
588,16,306
589,31,664
590,17,157
591,10,383
592,25,219
593,9,271
594,10,385
595,19,366
596,28,347
597,25,190
598,12,360
599,0,601
600,13,307
601,20,318
602,23,456
603,3,371
604,3,520
605,11,205
606,14,221
607,30,338
608,24,763
609,22,327
610,9,170
611,12,307
612,18,222
613,30,322
614,6,494
615,30,303
616,9,328
617,7,1020
618,2,340
619,7,178
620,20,208
621,26,167
622,2,267
623,18,172
624,24,999
625,8,263
626,3,522
627,20,405
628,2,304
629,14,253
630,5,451
631,2,175
632,22,1036
633,23,252
634,29,291
635,19,243
636,4,242
637,7,246
638,7,930
639,24,180
640,14,216
641,12,61
642,0,244
643,27,369
644,12,172
645,14,199
646,24,2218
647,20,237
648,2,256
649,31,341
650,17,734
651,3,979
652,15,925
653,17,185
654,2,188
655,21,377
656,2,500
657,7,186
658,7,210
659,27,517
660,7,283
661,14,256
662,2,252
663,18,178
664,21,585
665,13,196
666,9,196
667,3,493
668,27,456
669,4,206
670,31,273
671,3,218
672,18,303
673,19,159
674,12,177
675,22,219
676,16,666
677,19,182
678,16,232
679,20,328
680,19,186
681,30,437
682,13,289
683,24,220
684,24,180
685,18,468
686,20,416
687,30,258
688,15,572
689,16,315
690,8,261
691,0,623
692,5,944
693,6,228
694,25,480
695,9,456
696,6,221
697,27,528
698,14,434
699,16,149
700,22,474
701,4,199
702,14,378
703,6,356
704,29,339
705,17,547
706,5,533
707,8,144
708,25,640
709,2,232
710,11,143
711,24,254
712,23,398
713,5,1061
714,9,229
715,13,186
716,22,885
717,26,300
718,9,186
719,23,275
720,8,287
721,17,429
722,23,587
723,3,339
724,7,330
725,2,158
726,20,215
727,17,377
728,12,462
729,16,231
730,29,426
731,31,237
732,27,824
733,23,670
734,13,246
735,3,356
736,9,158
737,28,752
738,1,153
739,31,211
740,28,502
741,4,641
742,20,175
743,15,362
744,11,297
745,14,282
746,21,981
747,29,398
748,27,1347
749,14,213
750,13,181
751,16,226
752,6,341
753,25,1330
754,15,360
755,0,438
756,17,430
757,11,454
758,31,193
759,19,142
760,1,458
761,11,344
762,24,271
763,20,406
764,22,237
765,12,439
766,14,337
767,7,635
768,3,396
769,5,195
770,11,167
771,11,2603
772,22,392
773,24,241
774,11,384
775,15,425
776,16,235
777,6,329
778,12,187
779,26,165
780,23,987
781,15,618
782,27,717
783,6,250
784,19,455
785,11,374
786,14,356
787,1,375
788,31,245
789,13,191
790,29,472
791,28,656
792,5,604
793,8,290
794,29,356
795,1,380
796,14,170
797,24,382
798,7,193
799,14,205
800,13,352
801,16,376
802,21,228
803,31,886
804,4,489
805,25,367
806,2,916
807,25,285
808,12,570
809,10,460
810,14,265
811,11,367
812,22,340
813,19,314
814,20,179
815,29,211
816,16,1157
817,20,289
818,0,372
819,4,347
820,21,439
821,5,1176
822,28,260
823,30,334
824,1,220
825,12,135
826,0,504
827,16,403
828,15,170
829,20,221
830,21,170
831,30,236
832,25,159
833,13,162
834,17,273
835,13,486
836,4,588
837,1,245
838,30,2118
839,29,343
840,20,132
841,22,1025
842,4,213
843,14,204
844,12,731
845,9,171
846,27,306
847,3,426
848,17,379
849,4,1106
850,15,438
851,12,208
852,24,458
853,28,306
854,1,279
855,21,345
856,25,259
857,8,163
858,3,387
859,14,1622
860,15,261
861,25,225
862,11,651
863,24,713
864,5,598
865,29,224
866,0,246
867,11,175
868,7,228
869,23,863
870,18,517
871,2,742
872,23,275
873,18,307
874,17,417
875,17,719
876,14,404
877,2,1313
878,2,318
879,6,1239
880,1,168
881,25,159
882,18,187
883,3,456
884,16,321
885,10,390
886,27,436
887,0,492
888,1,1313
889,1,357
890,10,805
891,2,911
892,2,437
893,10,749
894,3,219
895,12,575
896,12,161
897,13,343
898,24,207
899,10,1488
900,23,318
901,16,688
902,31,1315
903,19,195
904,12,314
905,3,406
906,28,432
907,13,610
908,5,625
909,29,649
910,26,702
911,11,455
912,4,340
913,6,1207
914,29,758
915,7,196
916,24,574
917,14,160
918,3,258
919,31,263
920,9,934
921,19,455
922,15,306
923,7,1645
924,6,336
925,18,369
926,17,368
927,26,159
928,1,398
929,5,1264
930,2,309
931,24,268
932,0,360
933,3,255
934,19,138
935,2,217
936,7,354
937,12,390
938,4,369
939,16,189
940,14,256
941,3,341
942,25,185
943,28,401
944,23,266
945,11,418
946,8,189
947,29,376
948,19,790
949,23,225
950,24,398
951,14,192
952,17,916
953,10,192
954,9,168
955,2,452
956,12,197
957,5,572
958,8,272
959,5,563
960,31,457
961,30,284
962,24,213
963,23,2152
964,18,191
965,24,232
966,8,584
967,29,319
968,18,209
969,10,214
970,29,276
971,24,375
972,3,292
973,3,466
974,24,476
975,8,572
976,7,185
977,14,349
978,11,212
979,18,223
980,27,762
981,21,462
982,17,307
983,25,981
984,5,760
985,5,425
986,14,169
987,15,634
988,5,528
989,17,268
990,27,1069
991,21,1528
992,1,459
993,23,119
994,22,363
995,9,338
996,19,200
997,7,143
998,13,212
999,3,438
