mae_x_cm,mae_z_cm,mae_radius_cm,median_radius_cm,p90_radius_cm,rmse_radius_cm,bias_x_cm,bias_z_cm,k,metric,normalization,weighting,virtual_quadrants,training_events,reference_events,test_events
0.9615123342256257,1.0932178417056244,1.620185790831887,1.4197305664843132,2.864670441999449,2.0084259646735596,0.04291771569293728,-0.018914711893541263,24,euclidean,log1p,inverse2,True,2560,10240,1000
0.9669558674967904,1.0989985873777968,1.6294447042643796,1.425642488966896,2.875613550216409,2.0171938828198615,0.037743499689224365,-0.02095834661644896,24,euclidean,log1p,inverse,True,2560,10240,1000
0.9744858137457993,1.0950551670998514,1.635587852854909,1.4266310306978798,2.882285589736192,2.0417718601960035,0.02567430961615758,-0.04329890005519633,32,euclidean,log1p,inverse2,True,2560,10240,1000
0.9732731296666663,1.105360901666667,1.639493513844082,1.4294848305766727,2.9448289669888847,2.0272953245198915,0.03301850033333132,-0.02302860833333537,24,euclidean,log1p,uniform,True,2560,10240,1000
0.980932701057891,1.1025458324622224,1.6486572204399705,1.4290369849771312,2.9252974397166684,2.066595342112986,0.020628116102187503,-0.046604541794150495,32,euclidean,log1p,inverse,True,2560,10240,1000
0.9766760839114557,1.1178890347817925,1.6525241427790465,1.4545734465705813,2.910171744984774,2.1096002441024204,0.07071115469033913,-0.00541149571622401,16,euclidean,log1p,inverse2,True,2560,10240,1000
0.9804772570256561,1.1249310481653971,1.6607194203941644,1.4627159095327311,2.9026329411641187,2.1137933451883226,0.06578922393740606,-0.006969168922578874,16,euclidean,log1p,inverse,True,2560,10240,1000
0.9876271399999998,1.10993727,1.6621832453858365,1.429470328826418,2.954885267348244,2.0928187760263217,0.01609141699999996,-0.04985152499999999,32,euclidean,log1p,uniform,True,2560,10240,1000
0.9848409514999998,1.1323068665,1.6699700092054923,1.468261988240883,2.9033050536045644,2.118933916275864,0.06120860449999995,-0.00864058749999997,16,euclidean,log1p,uniform,True,2560,10240,1000
1.026804227848377,1.1342417478351532,1.703748564556302,1.4953836673125682,2.96161969241855,2.218772786381288,0.08893624733438477,0.020189725879830273,12,euclidean,log1p,inverse2,True,2560,10240,1000
1.0320105574452516,1.1387861385711848,1.7113562800404694,1.502777543809206,2.9744723781059754,2.227174409714964,0.08454027888815085,0.020506650002468277,12,euclidean,log1p,inverse,True,2560,10240,1000
1.037760208333333,1.1447068016666666,1.72023797829301,1.511581512147628,2.977772401024258,2.2369349979746755,0.08041433366666471,0.020721391666664847,12,euclidean,log1p,uniform,True,2560,10240,1000
1.0746724882966383,1.1691275409025081,1.7762784969551964,1.5770525865287814,2.9734360659074355,2.2852671083199625,0.1233722568894635,0.03291899382214763,8,euclidean,log1p,inverse2,True,2560,10240,1000
1.07780155454479,1.1732420439289448,1.7835072747565082,1.589832448596519,2.984106854377569,2.2915108247908154,0.12115650809182452,0.033364379514967485,8,euclidean,log1p,inverse,True,2560,10240,1000
1.1362917587947354,1.0732752692754102,1.787929398244735,1.0914793619483427,4.449388658666081,2.5681116367830645,-0.4896860550307173,-0.4671985897748827,24,euclidean,sqrt_l1,inverse2,True,2560,10240,1000
1.081299531,1.1781342890000002,1.792180116196102,1.5987101757128779,2.9832586784394937,2.299432917467869,0.11921641699999994,0.03374222500000002,8,euclidean,log1p,uniform,True,2560,10240,1000
1.1429339790543847,1.0833096559267206,1.7934683896616106,1.1264197317606528,4.262663792077391,2.5764004575602484,-0.4735310991564051,-0.45629646840327076,16,euclidean,sqrt_l1,inverse2,True,2560,10240,1000
1.146536244684247,1.0878786559153806,1.801439752978507,1.1412939383973049,4.255609699408057,2.581257179217007,-0.47437829021015737,-0.45449519782473347,16,euclidean,sqrt_l1,inverse,True,2560,10240,1000
1.144453877980349,1.0823369962917002,1.802282318816639,1.1238790948761666,4.463982398839762,2.5762278383686414,-0.492192900629565,-0.4650631479809997,24,euclidean,sqrt_l1,inverse,True,2560,10240,1000
1.1480107036158802,1.0794389100837771,1.8066293453424451,1.1530594394003497,4.481680736502227,2.5869363222070274,-0.4942018535669811,-0.45609127630103113,32,euclidean,sqrt_l1,inverse2,True,2560,10240,1000
1.1599215253670987,1.0958167614540604,1.8074391648262744,1.1235268727710557,4.40344571338224,2.6003677490153687,-0.46950824258757795,-0.45459336410569495,12,euclidean,sqrt_l1,inverse2,True,2560,10240,1000
1.1514532524999999,1.095362003,1.8120511964501325,1.1421136029312629,4.247262606815663,2.587792425172941,-0.4751195205,-0.45180465,16,euclidean,sqrt_l1,uniform,True,2560,10240,1000
1.1627209699110612,1.0977514831420663,1.8122193664333694,1.1203595158039348,4.409582523227511,2.6035937731174035,-0.4701138284601534,-0.4526759487102067,12,euclidean,sqrt_l1,inverse,True,2560,10240,1000
1.1658163250000002,1.1012192390000004,1.8188842958036429,1.1237102187164574,4.410276297421923,2.6078902106470983,-0.470627333000002,-0.449851525000002,12,euclidean,sqrt_l1,uniform,True,2560,10240,1000
1.1548731030000003,1.0938087603333337,1.819562192764407,1.138002969415103,4.449789711159056,2.586300047447006,-0.49458566633333534,-0.462351525000002,24,euclidean,sqrt_l1,uniform,True,2560,10240,1000
1.16006262958569,1.0917208032781878,1.8261696374924157,1.1930690707367424,4.514298423780694,2.5997793673283542,-0.4961798251816404,-0.4525059936612667,32,euclidean,sqrt_l1,inverse,True,2560,10240,1000
1.17445023375,1.1061823835,1.8483180521330045,1.2336794563213003,4.54453195754401,2.614649461889829,-0.49787342675,-0.44887496250000003,32,euclidean,sqrt_l1,uniform,True,2560,10240,1000
1.1918747165088903,1.1328782455007158,1.8603306032971085,1.1922299377263883,4.278412895206835,2.657128088314532,-0.4567337971324765,-0.4758581766095596,8,euclidean,sqrt_l1,inverse2,True,2560,10240,1000
1.1943866285836635,1.134501062989036,1.8639245351262708,1.1980379813877966,4.321477706843606,2.66119403409863,-0.4570588469857099,-0.47698764790505116,8,euclidean,sqrt_l1,inverse,True,2560,10240,1000
1.1975901670000002,1.136432417,1.8685845036272861,1.1986059114033476,4.416186211714345,2.6660821024662846,-0.457346083,-0.477976525,8,euclidean,sqrt_l1,uniform,True,2560,10240,1000
1.24683189395092,1.1689941136712518,1.9117365372945423,1.3106493180756054,4.101243115882685,2.586561238511311,-0.0838754753831853,0.017944557930815126,24,euclidean,l1,inverse2,True,2560,10240,1000
1.2235275421647027,1.1799037758520114,1.9171720375304935,1.2698492909090486,4.400030703495599,2.7104907465083494,-0.46900731183932226,-0.4670812273019158,5,euclidean,sqrt_l1,inverse2,True,2560,10240,1000
1.250692365504572,1.1780208917830293,1.9185118219595874,1.3254271771576054,4.062910970148161,2.6264097327108757,-0.08968974667054253,-0.000178249393986615,16,euclidean,l1,inverse2,True,2560,10240,1000
1.225741264720159,1.1812626462372753,1.9210953512739541,1.2682005579878894,4.413325446529117,2.7136337806227657,-0.47106943901731135,-0.4681200715145442,5,euclidean,sqrt_l1,inverse,True,2560,10240,1000
1.228888479,1.1832247969999998,1.9261148968419535,1.2733051626040723,4.41341098211046,2.717632088854615,-0.47312733300000004,-0.469070275,5,euclidean,sqrt_l1,uniform,True,2560,10240,1000
1.1770460266793366,1.2682163277755087,1.9264275101506818,1.67929164943914,3.2456314753943465,2.4497766610725247,0.13413745274941458,0.04035941940154565,5,euclidean,log1p,inverse2,True,2560,10240,1000
1.1803908710351525,1.2735451916158167,1.9341869263291873,1.7004533342171244,3.2822311594862783,2.45758843317415,0.13137740435333,0.04131284778333111,5,euclidean,log1p,inverse,True,2560,10240,1000
1.2601088777038205,1.1964631262439411,1.9364618590033418,1.3811169360105724,3.943620075351067,2.657160517992039,-0.09132521112741634,-0.014463891448057983,12,euclidean,l1,inverse2,True,2560,10240,1000
1.2659157419740381,1.183067658909451,1.9401707716331502,1.370883141781574,4.176556651546921,2.595147646733739,-0.0814127863838557,0.01448911106455951,32,euclidean,l1,inverse2,True,2560,10240,1000
1.185695919,1.279521949,1.9441512642943044,1.7068657511687624,3.3446159295608293,2.467441782823314,0.12874766699999995,0.04217972500000001,5,euclidean,log1p,uniform,True,2560,10240,1000
1.2642812431862722,1.205097174857946,1.9465748050472957,1.3795549756170753,4.05136968123988,2.655412744143574,-0.08625906965913706,-0.006558904905114887,12,euclidean,l1,inverse,True,2560,10240,1000
1.2708187926002454,1.1936811160824123,1.9472384043939162,1.352389116590935,4.068911706697849,2.640780392583393,-0.08246519075232925,0.01095974359036466,16,euclidean,l1,inverse,True,2560,10240,1000
1.2817589919715302,1.199984230732039,1.9652319711094306,1.3805255665522607,4.175002213963946,2.6236509539147588,-0.07362798676226893,0.03317321744399944,24,euclidean,l1,inverse,True,2560,10240,1000
1.2773475416666669,1.2222311743333332,1.9710311766459772,1.393752372542384,4.076012311705868,2.667662739117869,-0.07870024966666876,0.0014505583333313404,12,euclidean,l1,uniform,True,2560,10240,1000
1.2873884410854999,1.2218529317086064,1.976078141327576,1.370929161054573,4.156685239222525,2.719956698488183,-0.1084155600467949,-0.02911064170723442,8,euclidean,l1,inverse,True,2560,10240,1000
1.289831325705705,1.2209582053707817,1.977253935160892,1.3604601663666767,4.049490023997923,2.7275517938722373,-0.1074109208615513,-0.03550875504972676,8,euclidean,l1,inverse2,True,2560,10240,1000
1.2881259209999998,1.225703865,1.979145280325256,1.3613374415999289,4.182881965839707,2.7177943772645947,-0.10890858300000006,-0.022507774999999987,8,euclidean,l1,uniform,True,2560,10240,1000
1.306589029,1.224006806,2.0001330910355923,1.4179314128266691,4.173194065052409,2.6838459263868395,-0.07179920800000006,0.022414100000000024,16,euclidean,l1,uniform,True,2560,10240,1000
1.3156543758914152,1.2367425610482807,2.0208258193846462,1.4794717561756199,4.35376104631743,2.6594583628592456,-0.07274321442580574,0.027136998107900746,32,euclidean,l1,inverse,True,2560,10240,1000
1.2962724356374975,1.2752558248576464,2.027128155438796,1.3926266381261097,4.438894611271552,2.826600823048416,-0.43197658398153066,-0.48231621626056925,3,euclidean,sqrt_l1,inverse2,True,2560,10240,1000
1.2992819411438377,1.2783931807726598,2.0317575008572555,1.39919355971989,4.415389475794827,2.8322356337841446,-0.4325578376299729,-0.4844094450650441,3,euclidean,sqrt_l1,inverse,True,2560,10240,1000
1.3029000510000004,1.2829905583333334,2.0376172216935804,1.3968910804483752,4.3993546351717185,2.8389704407212424,-0.43312733300000117,-0.4865702750000012,3,euclidean,sqrt_l1,uniform,True,2560,10240,1000
1.3304735475389688,1.2532521708516837,2.0393401743296087,1.4344813234121578,4.201862902746967,2.8309575632884334,-0.0992661152793707,-0.044367447715696076,5,euclidean,l1,inverse2,True,2560,10240,1000
1.3308278059926446,1.2541284046704186,2.040542273133327,1.4255971181527394,4.181549833177878,2.8295176600843854,-0.10087675239345346,-0.04137278762886059,5,euclidean,l1,inverse,True,2560,10240,1000
1.333064813,1.256897315,2.0451298532662774,1.428052707019737,4.20777124037422,2.832539569295069,-0.10250233300000007,-0.038445274999999994,5,euclidean,l1,uniform,True,2560,10240,1000
1.3369834036666666,1.252949717333333,2.0466497606284624,1.524855265315528,4.416041427325439,2.6975531211879735,-0.06151274966666872,0.04741409999999784,24,euclidean,l1,uniform,True,2560,10240,1000
1.3858785596125993,1.2898387753799918,2.114650370098667,1.5172991359360481,4.371628019846105,2.910797228472516,-0.09118787016775548,-0.030574686570748275,3,euclidean,l1,inverse2,True,2560,10240,1000
1.3870274838023742,1.2921316382647523,2.11847842536889,1.5169960255895305,4.343123275064586,2.9121872653319083,-0.09102255204038119,-0.02535083165389739,3,euclidean,l1,inverse,True,2560,10240,1000
1.3899030603333336,1.2970877276666666,2.1258385155661625,1.5246714041812948,4.324026215458296,2.9182397227200485,-0.09041899966666758,-0.019903608333334332,3,euclidean,l1,uniform,True,2560,10240,1000
1.3843695505,1.3081904805000002,2.127907727721861,1.6491401665127778,4.525659183408201,2.7646197336471294,-0.06515858300000005,0.036281287500000016,32,euclidean,l1,uniform,True,2560,10240,1000
1.3068117277804459,1.3992040157612105,2.130054342862917,1.9124352212938085,3.5646061922390895,2.655220324107545,0.15645962134573538,0.035646991571553856,3,euclidean,log1p,inverse2,True,2560,10240,1000
1.3133034746551953,1.4040407410466318,2.1386488625619333,1.915821327781494,3.601229071793865,2.663779124450766,0.15588892914859775,0.037062029716603245,3,euclidean,log1p,inverse,True,2560,10240,1000
1.3228927696666666,1.410536387,2.1501477260851605,1.9159523460797554,3.6122024986819916,2.675048095509492,0.15541433366666524,0.038429724999998555,3,euclidean,log1p,uniform,True,2560,10240,1000
1.515436721,1.481389207,2.365955945377198,1.7095308372360971,4.704994470751105,3.257499056465296,-0.06437733300000005,-0.01782027499999999,1,euclidean,l1,uniform,True,2560,10240,1000
1.515436721,1.481389207,2.365955945377198,1.7095308372360971,4.704994470751105,3.257499056465296,-0.06437733300000005,-0.01782027499999999,1,euclidean,l1,inverse,True,2560,10240,1000
1.515436721,1.481389207,2.365955945377198,1.7095308372360971,4.704994470751105,3.257499056465296,-0.06437733300000005,-0.01782027499999999,1,euclidean,l1,inverse2,True,2560,10240,1000
1.504434459,1.528783801,2.3816806764302965,1.7112813809791168,4.929988821452841,3.257098526161328,-0.401877333,-0.48344527500000006,1,euclidean,sqrt_l1,uniform,True,2560,10240,1000
1.504434459,1.528783801,2.3816806764302965,1.7112813809791168,4.929988821452841,3.257098526161328,-0.401877333,-0.48344527500000006,1,euclidean,sqrt_l1,inverse,True,2560,10240,1000
1.504434459,1.528783801,2.3816806764302965,1.7112813809791168,4.929988821452841,3.257098526161328,-0.401877333,-0.48344527500000006,1,euclidean,sqrt_l1,inverse2,True,2560,10240,1000
1.8343467390000001,1.918943273,2.951847640834136,2.68771757801271,5.166267316276838,3.508791644266199,0.21062266699999996,0.0009297250000000083,1,euclidean,log1p,uniform,True,2560,10240,1000
1.8343467390000001,1.918943273,2.951847640834136,2.68771757801271,5.166267316276838,3.508791644266199,0.21062266699999996,0.0009297250000000083,1,euclidean,log1p,inverse,True,2560,10240,1000
1.8343467390000001,1.918943273,2.951847640834136,2.68771757801271,5.166267316276838,3.508791644266199,0.21062266699999996,0.0009297250000000083,1,euclidean,log1p,inverse2,True,2560,10240,1000
