mean_err_r_cm,median_err_r_cm,p68_err_r_cm,p90_err_r_cm,p95_err_r_cm,rmse_err_r_cm,mean_err_x_cm,sigma_err_x_cm,mean_err_z_cm,sigma_err_z_cm,feature_group,n_features,k,metric,normalization,weighting,training_events,training_positions,test_events
1.7473745881605536,1.4839404614959526,1.9699140032029168,3.3839662978933904,4.108194717865683,2.134974658473096,-0.022300625869760192,1.586279321281255,-0.035259152390179425,1.4299143745903538,all,32,8,euclidean,sqrt_l1,inverse2,2560,256,1000
1.7565019306482288,1.482482436829852,1.9787004907760977,3.4179198211708943,4.131366454924296,2.144856635756049,-0.023072345072422517,1.591376302824727,-0.03418940271479764,1.4390390941323163,all,32,8,euclidean,sqrt_l1,inverse,2560,256,1000
1.7527833448884291,1.4639792584892224,1.9798335012975163,3.4648974907909227,4.225648678570694,2.14482486227594,-0.012131447677096278,1.6082417144623664,-0.018028863430055986,1.4205507634873922,all,32,12,euclidean,sqrt_l1,inverse2,2560,256,1000
1.8189240974220724,1.4600854762955815,1.9907600328781332,3.548686329886171,4.729045954131586,2.2746518894768917,0.09644857257184873,1.6841836779118782,0.07280314333590962,1.5258206105967842,all,32,8,euclidean,l1,inverse,2560,256,1000
1.7668094108757781,1.4969677501206278,1.9960073048647373,3.4685866405627617,4.14399715206808,2.1563033691178917,-0.02375233300000005,1.5976121119485007,-0.03305464999999999,1.4492327681540993,all,32,8,euclidean,sqrt_l1,uniform,2560,256,1000
1.7650555590505415,1.4838728816276807,1.9963958688386911,3.4939966905965947,4.231286063097213,2.1590150070110883,-0.011481494418923674,1.6179761251608105,-0.016079710876855346,1.4310046464398518,all,32,12,euclidean,sqrt_l1,inverse,2560,256,1000
1.8045590348800398,1.4601168433904812,2.010128594008574,3.6092557283186486,4.668769760287817,2.2556178394021167,0.09128867173015301,1.671742379531356,0.06776664714467287,1.5117021134203883,all,32,8,euclidean,l1,inverse2,2560,256,1000
1.7782316319843439,1.4894497865869256,2.012652433952367,3.5174959776669494,4.271303073407565,2.174118711882681,-0.010731499666668608,1.6283820192712863,-0.014174441666668513,1.4420746513587621,all,32,12,euclidean,sqrt_l1,uniform,2560,256,1000
1.8379227496208959,1.4493456560448963,2.0143238298972883,3.6233082090010944,4.815143374289006,2.2988265069644327,0.10124766699999994,1.7004444569944432,0.077492225,1.5434083852259206,all,32,8,euclidean,l1,uniform,2560,256,1000
1.8060059854538517,1.4759086177645824,2.0200569907794965,3.520336673996872,4.395137146628467,2.2479828726331244,0.11443858196122245,1.6629030900201192,0.07312940146826571,1.5082361331612448,all,32,12,euclidean,l1,inverse2,2560,256,1000
1.834853930202804,1.4861120592977621,2.02731255210405,3.5410172616445235,4.325298386880223,2.2766036818576203,0.08385937846076277,1.6799272751164394,0.05286856797097532,1.5349656246479697,all,32,5,euclidean,l1,inverse2,2560,256,1000
1.8178562577150184,1.4790431092126992,2.041402785703102,3.634198486152728,4.377427699478438,2.25821942934414,0.1187571523641605,1.6829845644857473,0.08393500011382644,1.5003509894101659,all,32,16,euclidean,l1,inverse2,2560,256,1000
1.8292198758312137,1.479887594572284,2.0439760279183985,3.603918838485559,4.445096536637395,2.273680193204019,0.1229364785983758,1.6822123987604063,0.07786711955219269,1.5243884015896167,all,32,12,euclidean,l1,inverse,2560,256,1000
1.843117905516005,1.4867755578804247,2.051174834962553,3.551406211363643,4.351358264047853,2.286958051688749,0.08650660592624036,1.6857614154870344,0.056134500138896634,1.5436890466305253,all,32,5,euclidean,l1,inverse,2560,256,1000
1.7879043498035516,1.5002608380474343,2.0555944813826033,3.550327031352607,4.37357306580198,2.1772915657944143,-0.017528699999516315,1.6453970572453185,0.011392727735606414,1.4274364936270674,all,32,24,euclidean,sqrt_l1,inverse2,2560,256,1000
1.7613341161455132,1.4844471270671948,2.056667626645482,3.4652538416133027,4.262641794805172,2.14863434790131,-0.019171884830432376,1.6192400950446821,-0.017970245101799412,1.413725979224312,all,32,16,euclidean,sqrt_l1,inverse2,2560,256,1000
1.8375608157405536,1.5294126758173603,2.0577159603844764,3.3693618089800763,4.51110344162363,2.2480996225679135,-0.041793010742027285,1.6816547442609473,-0.0680466347230515,1.491531046070082,all,32,5,euclidean,sqrt_l1,inverse2,2560,256,1000
1.844222123648635,1.5336292106901213,2.0646894720891944,3.37849018736999,4.52813225011831,2.2556946721409936,-0.04432317476517642,1.6853727938159053,-0.06864346264533785,1.4986951322930637,all,32,5,euclidean,sqrt_l1,inverse,2560,256,1000
1.8558136025946927,1.489382178737897,2.0655715372757846,3.582455483494537,4.396523082607758,2.303049707805347,0.08874766699999995,1.6958799692337019,0.059054725,1.5562658673733818,all,32,5,euclidean,l1,uniform,2560,256,1000
1.7753100694230666,1.492712139027803,2.072019317585013,3.5036764191830754,4.348418359848447,2.164422470740803,-0.0191385505207245,1.6308089929232792,-0.01637391868612439,1.4245143207917033,all,32,16,euclidean,sqrt_l1,inverse,2560,256,1000
1.8521857158870907,1.5302215071244016,2.0791603140709074,3.41092498524392,4.549287580372448,2.2651867699755566,-0.04687733300000005,1.6903694671320277,-0.06907027499999999,1.507276753741692,all,32,5,euclidean,sqrt_l1,uniform,2560,256,1000
1.8509981039880392,1.5329593751169623,2.084783669387775,3.6275731660114103,4.460481806907889,2.2935303737765684,0.12737502304064233,1.7109046277083817,0.09156756912231853,1.521091327825142,all,32,16,euclidean,l1,inverse,2560,256,1000
1.7897241625051705,1.4946805882882908,2.0903269888778007,3.5158580567524864,4.376776430831109,2.1807766432210314,-0.019064833000000052,1.6428392701143526,-0.014890587499999981,1.435632496242271,all,32,16,euclidean,sqrt_l1,uniform,2560,256,1000
1.8243786867072072,1.538422850521617,2.0903689281076647,3.59815619768943,4.40052231729142,2.2179337252300666,-0.016460666333335396,1.674583212960696,0.018247433333331346,1.455788686472234,all,32,24,euclidean,sqrt_l1,uniform,2560,256,1000
1.8061025933198624,1.5298407383775874,2.091648437535878,3.5702371895190517,4.411489361813542,2.1975552720289087,-0.016973070199836713,1.6599466571018582,0.014918771720736487,1.441578713226442,all,32,24,euclidean,sqrt_l1,inverse,2560,256,1000
1.8578316793282679,1.5072439607068007,2.0998973296825496,3.641990465632041,4.5434874542236745,2.3056465221257034,0.13093516699999802,1.706933602512561,0.08191930833333143,1.543964448784754,all,32,12,euclidean,l1,uniform,2560,256,1000
1.891927686305724,1.5301299200391847,2.1326800702838065,3.8310910206371345,4.553169047316673,2.336043964576608,0.13464610449999995,1.74430378029438,0.09878128750000002,1.5466263475724518,all,32,16,euclidean,l1,uniform,2560,256,1000
1.9129841622670538,1.5550464362009602,2.1359505726080177,3.6634832361276275,4.660921767786824,2.3839465675689504,0.059614277412175024,1.7550086920525299,0.04951065005855513,1.613326823756639,all,32,3,euclidean,l1,inverse,2560,256,1000
1.9096793476752423,1.5567656582212481,2.1378153386390353,3.6356001962551496,4.662067004091418,2.379377064317757,0.059451435683447025,1.7510296643459486,0.04608045712487507,1.6110039993182763,all,32,3,euclidean,l1,inverse2,2560,256,1000
1.9202331576089586,1.5573503014491576,2.1443362735711267,3.6785350218355757,4.741714883989646,2.3950638642807434,0.05958100033333222,1.7645196212810526,0.053013058333332176,1.619313696132832,all,32,3,euclidean,l1,uniform,2560,256,1000
1.8347253744800496,1.4987671010737027,2.1469784176245046,3.6212424500506133,4.406941450045656,2.2352034040934656,0.003362993183217611,1.6827487975005533,0.022487398184107173,1.4727438226874259,all,32,32,euclidean,sqrt_l1,inverse2,2560,256,1000
1.886319540808844,1.532962820421972,2.170477474816671,3.8543561316647286,4.535875793557814,2.321043263937559,0.12253422593706496,1.7376549100255034,0.09349150814688412,1.5327787849205248,all,32,24,euclidean,l1,inverse2,2560,256,1000
1.858142241871997,1.5220325044870584,2.1743534323839464,3.6654170527206134,4.433223982764375,2.2610860623325837,0.005544205198275815,1.7009410411196662,0.026651063910998612,1.4912027442774007,all,32,32,euclidean,sqrt_l1,inverse,2560,256,1000
1.881098238365365,1.545378762112434,2.2007709959143074,3.696840276925591,4.510300867851112,2.286659110255587,0.007595323249999939,1.7189336015950742,0.03051956875000001,1.509410838909544,all,32,32,euclidean,sqrt_l1,uniform,2560,256,1000
1.9489005718270522,1.629906036528409,2.227021665851105,3.5536380862875734,4.580225341039101,2.3642287622429485,-0.004869627558259801,1.7737195531519991,-0.058691286286336464,1.5638477891359557,all,32,3,euclidean,sqrt_l1,inverse2,2560,256,1000
1.9530954491132642,1.6376467560496848,2.2281393461780543,3.565209440688313,4.747097866349015,2.368584117257597,-0.004935786467889039,1.776319012291859,-0.059602282837515286,1.5674555557145775,all,32,3,euclidean,sqrt_l1,inverse,2560,256,1000
1.9592840327376426,1.6495404910213223,2.2395745586604616,3.5777102278412563,4.7438891866221455,2.3750980696325565,-0.00500233300000146,1.780494864889786,-0.06052860833333483,1.5725403606460933,all,32,3,euclidean,sqrt_l1,uniform,2560,256,1000
1.9500846243906966,1.5881857452080617,2.2497622257227983,3.9168274485055896,4.706667852248907,2.3870557317488323,0.13022057971606488,1.7899830956872136,0.10114827064436713,1.5724133473138338,all,32,24,euclidean,l1,inverse,2560,256,1000
1.962926912709492,1.62565612318985,2.2702092122161384,3.93700980645698,4.759064169798878,2.3945508447700155,0.13372252948801294,1.7923642112151024,0.10494586177210813,1.5805440907601336,all,32,32,euclidean,l1,inverse2,2560,256,1000
2.0199681041167374,1.6646328577117104,2.336603761111586,3.9925492768814355,4.862733043621051,2.4625346752809056,0.13601329199999793,1.8490374131038583,0.10717972499999803,1.6190091701096798,all,32,24,euclidean,l1,uniform,2560,256,1000
2.0601961606412615,1.7112538430305126,2.366819570124185,4.070482040262383,4.934154536590718,2.497221680242603,0.14191994894787002,1.872497311742897,0.11344011639489215,1.6441013719890025,all,32,32,euclidean,l1,inverse,2560,256,1000
2.1641052696273864,1.8188362125209223,2.486727300931104,4.309902298585263,5.1311192203561475,2.6108267817294077,0.14743907324999994,1.9606443756870162,0.11948441250000003,1.7155356306410634,all,32,32,euclidean,l1,uniform,2560,256,1000
2.297109173155955,1.864804725077502,2.498951808113184,4.386618841825436,5.578933599303039,2.8905906386709788,0.07624766699999995,2.113085227405969,0.004054725000000015,1.9730466179764181,all,32,1,euclidean,l1,uniform,2560,256,1000
2.297109173155955,1.864804725077502,2.498951808113184,4.386618841825436,5.578933599303039,2.8905906386709788,0.07624766699999995,2.113085227405969,0.004054725000000015,1.9730466179764181,all,32,1,euclidean,l1,inverse,2560,256,1000
2.297109173155955,1.864804725077502,2.498951808113184,4.386618841825436,5.578933599303039,2.8905906386709788,0.07624766699999995,2.113085227405969,0.004054725000000015,1.9730466179764181,all,32,1,euclidean,l1,inverse2,2560,256,1000
2.6199704033332196,1.8926623491985235,2.7410651979776315,5.826224997070087,7.376316874894345,3.4395799874581545,-0.08633539716972731,2.367185085606518,0.006621869080012502,2.4962937845009727,face,16,5,euclidean,sqrt_l1,inverse2,2560,256,1000
2.6249190755692444,1.903064144022288,2.77854753635615,5.923940277615336,7.378491522275961,3.4375472081352982,-0.08489320987851084,2.3632617678792376,0.010497989237992307,2.4972442401086523,face,16,5,euclidean,sqrt_l1,inverse,2560,256,1000
2.5404003246964617,1.8423984497173165,2.7964443786820685,5.490272664466488,6.838357689369031,3.2944477474498055,-0.06312229945640899,2.292341946868118,0.015738044903673618,2.3675266128227,face,16,8,euclidean,sqrt_l1,inverse2,2560,256,1000
2.634049060443508,1.9212226719001912,2.8220417218596263,5.919332383133363,7.35694930568196,3.442626368286616,-0.08375233300000005,2.364738364772492,0.01405472500000004,2.502864980349786,face,16,5,euclidean,sqrt_l1,uniform,2560,256,1000
2.5472200699620067,1.86614884661683,2.8378921321430806,5.483587327760678,6.83045650045412,3.29446864619564,-0.06055846099583279,2.2927682126715427,0.019780358566772734,2.3671796128182234,face,16,8,euclidean,sqrt_l1,inverse,2560,256,1000
2.5519965146481467,1.8567602146032303,2.8470111149124997,5.579703245336645,6.960443247798425,3.281183695527207,-0.04189313704775838,2.30516451338661,0.042282690979304434,2.3365815941473955,face,16,12,euclidean,sqrt_l1,inverse2,2560,256,1000
2.5574999646495717,1.8647973606940522,2.8500325896216867,5.512693880548949,6.857965862980158,3.300557180433297,-0.058517958000000064,2.2978571839002493,0.02319535000000001,2.3707526872238867,face,16,8,euclidean,sqrt_l1,uniform,2560,256,1000
2.5678498268840673,1.87691529218498,2.863022463404653,5.557717594252302,6.902716116968839,3.2908173321360756,-0.03794004991141512,2.313547721430926,0.048982704338815956,2.341788499816872,face,16,12,euclidean,sqrt_l1,inverse,2560,256,1000
2.586652116168412,1.9121832113750223,2.86713649995529,5.563643036497596,6.783841170257248,3.3056148080120713,-0.034689833000001766,2.325733600199832,0.05483597499999812,2.3504841892438733,face,16,12,euclidean,sqrt_l1,uniform,2560,256,1000
2.5659295299197593,1.9120802643954384,2.8695754847325894,5.593795581313977,6.8526661483432845,3.292965471112911,-0.05190317343537984,2.2930259676424143,0.0533129287352205,2.364522411016004,face,16,16,euclidean,sqrt_l1,inverse2,2560,256,1000
2.767777499241656,1.945011359948705,2.8724010709622716,5.959547249434958,7.7953045156944825,3.6761622723924607,-0.05564141819490257,2.5255089142966436,0.00018143635204470598,2.6732755888763644,face,16,3,euclidean,sqrt_l1,inverse2,2560,256,1000
2.5287595176361783,2.1078680213457597,2.8888488593034847,4.7370600695389875,5.626524085695158,3.1127717084814135,-0.02375233300000004,2.344229409694864,-0.055320274999999974,2.0493918845151455,all,32,1,euclidean,sqrt_l1,uniform,2560,256,1000
2.5287595176361783,2.1078680213457597,2.8888488593034847,4.7370600695389875,5.626524085695158,3.1127717084814135,-0.02375233300000004,2.344229409694864,-0.055320274999999974,2.0493918845151455,all,32,1,euclidean,sqrt_l1,inverse,2560,256,1000
2.5287595176361783,2.1078680213457597,2.8888488593034847,4.7370600695389875,5.626524085695158,3.1127717084814135,-0.02375233300000004,2.344229409694864,-0.055320274999999974,2.0493918845151455,all,32,1,euclidean,sqrt_l1,inverse2,2560,256,1000
2.7659607914462114,1.9487446797092138,2.9126737591010046,5.903466098754775,7.8215730139065025,3.6659967079117526,-0.05225708017378461,2.5158037494749816,0.0030977321758670334,2.6685151676316665,face,16,3,euclidean,sqrt_l1,inverse,2560,256,1000
2.7679339092868203,1.9518542699002555,2.9360210499716994,6.003082998367527,7.7397182308386565,3.662749254424736,-0.04875233300000132,2.511656782817968,0.006138058333331955,2.668018850150771,face,16,3,euclidean,sqrt_l1,uniform,2560,256,1000
2.6563610023055912,1.9213251684825061,2.945392343459119,5.694617627310197,7.138553977784205,3.4772708475480947,0.07036536942617426,2.3975720993792047,0.2231153145541119,2.5100552934609084,face,16,8,euclidean,l1,inverse2,2560,256,1000
2.585809357003557,1.91401036934419,2.9598724820181683,5.6198509008530095,6.95264127936816,3.309357783817041,-0.049029663526785214,2.3035941972992138,0.060696701707434415,2.3770089262847933,face,16,16,euclidean,sqrt_l1,inverse,2560,256,1000
2.6712136006505505,1.9244705779217948,2.971165478161435,5.829688110789261,7.15499551802584,3.490933915771273,0.07627772514704907,2.409926037399814,0.23023000954290987,2.516384685473958,face,16,8,euclidean,l1,inverse,2560,256,1000
2.6965260044785704,1.9202878928890974,2.975951755579541,5.765148443096272,7.562168530287577,3.557936483660874,0.05451787096662451,2.44932735111906,0.21030025463441876,2.5739334667849385,face,16,5,euclidean,l1,inverse2,2560,256,1000
2.8092712136575537,1.982487163791236,2.9768541121278425,6.168209620282315,8.161938565553037,3.7067730487334583,0.01791433366666535,2.505935995662359,0.2207213916666654,2.7249068235045373,face,16,3,euclidean,l1,uniform,2560,256,1000
2.6672784541935965,1.8770969527366352,2.9820907219072086,5.754812822726749,7.032996393711119,3.45669655554297,0.10130422597986709,2.3921158356963717,0.24081385465250832,2.4839829783086724,face,16,16,euclidean,l1,inverse2,2560,256,1000
2.7857988565779337,1.980791835620118,2.989684518594173,6.029553189319993,8.107026525734952,3.6701983331488326,0.02203254355094243,2.482444542604999,0.21576417404982176,2.6970765726442067,face,16,3,euclidean,l1,inverse2,2560,256,1000
2.6943139288970643,1.8915184358638943,2.989854247849982,6.038535563604801,7.123344619169939,3.490007881575996,0.10827891699999799,2.4237720618907277,0.25301305833333143,2.4983715907607076,face,16,12,euclidean,l1,uniform,2560,256,1000
2.7934575522454566,1.9860068743349206,2.9975912707207573,6.0956831004986025,8.242943452512733,3.682634105425127,0.01987814796163647,2.4892415905937613,0.21841115444503972,2.7075632785864965,face,16,3,euclidean,l1,inverse,2560,256,1000
2.7062619065106666,1.9239491834364904,3.0009349396710814,5.793709486578388,7.50416639659091,3.570697125244326,0.05634826930444034,2.458874969220566,0.21347646582691976,2.5822041672820695,face,16,5,euclidean,l1,inverse,2560,256,1000
2.6663088739032745,1.8869737586490776,3.01032245037879,5.9074401058486306,7.092350616383298,3.4611086254175856,0.09827410100225613,2.40104281268871,0.24384228855459616,2.481344705214293,face,16,12,euclidean,l1,inverse,2560,256,1000
2.7017879459984764,1.89432494026977,3.013371247265408,5.906862985669152,7.031950519561645,3.489221243799473,0.11589535869885917,2.416795045609881,0.2530611310661314,2.5036781398560697,face,16,16,euclidean,l1,inverse,2560,256,1000
2.6450786753401117,1.873348545488119,3.0163256929790374,5.806001336466746,7.093304697107883,3.4401032621456746,0.08799576692932189,2.3831908161947988,0.23359973733668268,2.4706646226659177,face,16,12,euclidean,l1,inverse2,2560,256,1000
2.6929065239738392,1.93155703928662,3.0265240326933114,5.989844328866733,7.225786089671621,3.5124550640115553,0.08210704199999995,2.4275288941050417,0.23686722500000007,2.5286128956540908,face,16,8,euclidean,l1,uniform,2560,256,1000
2.6073410562258967,1.9438302588316763,3.029585924037165,5.674227154549471,6.919168475746975,3.3297563372520145,-0.04699452050000005,2.3171433293488097,0.06694535000000001,2.3921800874223544,face,16,16,euclidean,sqrt_l1,uniform,2560,256,1000
2.602952971667517,1.9539891483436949,3.051815529226151,5.465236014437523,6.8906527274941105,3.3107736344677736,-0.05297743896287186,2.318581379996401,0.08452414389245232,2.363559547892377,face,16,24,euclidean,sqrt_l1,inverse2,2560,256,1000
2.724832788618678,1.9494338993059053,3.0578363907338417,5.9422363516892815,7.518984499589155,3.591692609741582,0.05874766699999994,2.474459664366876,0.21655472500000003,2.596116466249695,face,16,5,euclidean,l1,uniform,2560,256,1000
2.629229257691406,2.004596808835863,3.0615955236494234,5.531643365829999,6.9257594197976635,3.334480037514735,-0.04927626851191794,2.33536221088435,0.09456703177909373,2.38003947340599,face,16,24,euclidean,sqrt_l1,inverse,2560,256,1000
2.7530885033410515,2.041930374430451,3.06679780513525,5.975369890828418,7.016407517684286,3.5015664593439317,0.1386111811812708,2.4414472698888576,0.29537971531645135,2.491185929209477,face,16,32,euclidean,l1,inverse2,2560,256,1000
2.7452200970976404,1.9199867329906275,3.075345606861993,6.0810288320204915,7.020181250646534,3.53018563311329,0.12976329199999992,2.446591314135336,0.2638203500000001,2.530286548177202,face,16,16,euclidean,l1,uniform,2560,256,1000
2.656781429771029,2.0297290998356656,3.076269202912692,5.589255397161835,6.922470345552296,3.360770611960047,-0.0464085830000021,2.3542051276633433,0.1031432666666646,2.3981239153053515,face,16,24,euclidean,sqrt_l1,uniform,2560,256,1000
2.660907953571611,1.9691217155494505,3.0781744143417877,5.580297993526409,6.886178467297776,3.3548695711494005,-0.021647387466961016,2.359417863143296,0.1100342185146133,2.3847379049708044,face,16,32,euclidean,sqrt_l1,inverse2,2560,256,1000
2.71477942647271,1.9686346139103685,3.089654659075518,5.923979442339048,7.070656786412762,3.4865052473698412,0.12337154667299763,2.42300368595604,0.27972554771671376,2.490658423680893,face,16,24,euclidean,l1,inverse2,2560,256,1000
2.774759233358492,2.0454061105921357,3.117799081328047,6.124361168418205,7.1728534192900515,3.539878129068053,0.1421593585239557,2.463627580705437,0.2994513868983933,2.5226631138447453,face,16,24,euclidean,l1,inverse,2560,256,1000
2.6966047672876865,2.01149845270138,3.1581449702851137,5.655235931549886,6.938739132788262,3.3868233382517774,-0.013657642065344625,2.383962349469831,0.12177921041370214,2.4049420276175724,face,16,32,euclidean,sqrt_l1,inverse,2560,256,1000
2.7318424194945834,2.070146224248081,3.1814724863649624,5.728071439160068,7.028854924808521,3.420104094176972,-0.006662489250000057,2.4098357631843346,0.13178910000000002,2.42571272917715,face,16,32,euclidean,sqrt_l1,uniform,2560,256,1000
2.841864080342792,2.1485477578737164,3.197816588653824,6.2979396460848305,7.4580135902841524,3.602224658250228,0.15892995866666457,2.5091676696503757,0.3160338916666647,2.562777339475605,face,16,24,euclidean,l1,uniform,2560,256,1000
3.223659681747954,2.1994447275295164,3.2406423628270336,7.269574831428402,10.094484280246071,4.405081035335479,-0.008127333000000065,3.0093990259321854,0.16342972500000003,3.215723629759827,face,16,1,euclidean,l1,uniform,2560,256,1000
3.223659681747954,2.1994447275295164,3.2406423628270336,7.269574831428402,10.094484280246071,4.405081035335479,-0.008127333000000065,3.0093990259321854,0.16342972500000003,3.215723629759827,face,16,1,euclidean,l1,inverse,2560,256,1000
3.223659681747954,2.1994447275295164,3.2406423628270336,7.269574831428402,10.094484280246071,4.405081035335479,-0.008127333000000065,3.0093990259321854,0.16342972500000003,3.215723629759827,face,16,1,euclidean,l1,inverse2,2560,256,1000
2.8386260399033225,2.134318932965725,3.2468768616740515,6.175692950068595,7.097850390557699,3.5752187720213384,0.16227224594742007,2.4975410692301363,0.3185040525898467,2.5356198140169406,face,16,32,euclidean,l1,inverse,2560,256,1000
2.9308418625991144,2.25663709247333,3.3401434535373005,6.26644251551214,7.35325394084871,3.658833467148166,0.1826929794999999,2.558738058752366,0.3374531625,2.5895798094321263,face,16,32,euclidean,l1,uniform,2560,256,1000
3.4628467947156634,2.3823949213821214,3.47800880998769,7.72140867519116,10.570731307031739,4.6833836115432925,-0.005002333000000075,3.243921875851387,-0.058445274999999984,3.3807639131582357,face,16,1,euclidean,sqrt_l1,uniform,2560,256,1000
3.4628467947156634,2.3823949213821214,3.47800880998769,7.72140867519116,10.570731307031739,4.6833836115432925,-0.005002333000000075,3.243921875851387,-0.058445274999999984,3.3807639131582357,face,16,1,euclidean,sqrt_l1,inverse,2560,256,1000
3.4628467947156634,2.3823949213821214,3.47800880998769,7.72140867519116,10.570731307031739,4.6833836115432925,-0.005002333000000075,3.243921875851387,-0.058445274999999984,3.3807639131582357,face,16,1,euclidean,sqrt_l1,inverse2,2560,256,1000
3.9706766900777333,3.3413300004758577,4.610376907379598,7.422612613898946,9.168030121444469,4.809429115857411,0.35214559339662627,3.3773111079890112,0.6483028263119186,3.347041072502624,fiber,16,16,euclidean,l1,inverse2,2560,256,1000
4.001114410716714,3.3315262691062815,4.612115440088754,7.375380730726006,9.223009339245438,4.846260181262882,0.3441799761269879,3.4237511950809694,0.6291964162957193,3.3575009154239286,fiber,16,12,euclidean,l1,inverse2,2560,256,1000
4.000502158200973,3.3040943616149825,4.618685429369618,7.436888488791084,9.36683255881687,4.8478729285065185,0.34193680666083015,3.4170780613153573,0.6322975099247479,3.3662645012218673,fiber,16,12,euclidean,l1,inverse,2560,256,1000
3.9909182434606083,3.382360437174626,4.640250300657721,7.409393426501666,8.997699003945108,4.821111216239588,0.3174536079205891,3.3782513105258336,0.6582733398296139,3.3643963208412555,fiber,16,24,euclidean,l1,inverse,2560,256,1000
4.01061397134052,3.3721513403533523,4.645521264331587,7.501426077025875,9.381929392581966,4.859293486642953,0.33848725033333166,3.418660210810301,0.6337422249999981,3.381185054974052,fiber,16,12,euclidean,l1,uniform,2560,256,1000
3.9784852604858307,3.3420275946115465,4.654414193780347,7.471941135999891,8.923804417425941,4.810064288904212,0.33034569333942215,3.375234492312855,0.6611524720915106,3.349757125152234,fiber,16,24,euclidean,l1,inverse2,2560,256,1000
4.01214346790278,3.3870972188278192,4.6654902867609485,7.421408801272675,9.13507672427433,4.839199869517113,0.3046330836666646,3.3881176723561124,0.6539245166666645,3.382457063051321,fiber,16,24,euclidean,l1,uniform,2560,256,1000
3.973739091369937,3.2924010671120016,4.666423751516365,7.45151017922785,9.1806875782524,4.815686637009791,0.34789987986737053,3.3740518099847843,0.6507839216135893,3.3592747852877576,fiber,16,16,euclidean,l1,inverse,2560,256,1000
3.9865556726521714,3.354080319716177,4.686949983174963,7.456522529368006,9.2742190624979,4.830618714429904,0.342653917,3.378630713007276,0.651710975,3.376449069861667,fiber,16,16,euclidean,l1,uniform,2560,256,1000
4.043855146765365,3.429142359432862,4.731773311778518,7.465768150857754,9.34004511635145,4.902441498145989,0.38597208462333327,3.481083527366916,0.6300145952271328,3.3754420198375046,fiber,16,8,euclidean,l1,inverse,2560,256,1000
3.998163091505636,3.438936104968021,4.737041066601421,7.37181266071054,9.043989082809652,4.8250268644246255,0.3374310172923995,3.37883770945195,0.6604271474315568,3.3670565604482112,fiber,16,32,euclidean,l1,inverse2,2560,256,1000
4.052006488883353,3.4167858127796347,4.738412454622594,7.4226600566022345,9.458637859637678,4.904553513279939,0.37825930100353605,3.489821035160564,0.6240736375656676,3.37146732834249,fiber,16,8,euclidean,l1,inverse2,2560,256,1000
4.048630138414605,3.4311160177142694,4.765644143663319,7.504431778210722,9.242500238790639,4.912148245372173,0.393044542,3.4817175316128925,0.634523475,3.387231178156356,fiber,16,8,euclidean,l1,uniform,2560,256,1000
4.020700400613921,3.52739949817622,4.7818814032963575,7.470515557593119,9.033071266239233,4.845844420008446,0.32383053505903636,3.3904378599984684,0.6501923668070771,3.388583848823607,fiber,16,32,euclidean,l1,inverse,2560,256,1000
4.125919150392457,3.5739753979195905,4.784777679009742,7.560433350344861,9.530550134739526,4.97085521839795,0.33652036593882667,3.566229383358554,0.5960570076958851,3.3981090052049843,fiber,16,5,euclidean,l1,inverse,2560,256,1000
4.143021844632394,3.5550669063885483,4.810026075625118,7.609846544570044,9.481943719658492,4.984395535482673,0.33312868582233857,3.5836130039347824,0.5901354127928056,3.4010427135101318,fiber,16,5,euclidean,l1,inverse2,2560,256,1000
4.118985278599077,3.5640979022794887,4.815321032682429,7.496648928670837,9.437670949719832,4.970360028118918,0.339997667,3.5588300072891,0.600304725,3.404041183552028,fiber,16,5,euclidean,l1,uniform,2560,256,1000
4.0518488709985,3.533451231257132,4.848993571310781,7.458719298440194,8.978424956027533,4.8735393604337,0.31140391699999986,3.408538058408012,0.639210975,3.4133502931748443,fiber,16,32,euclidean,l1,uniform,2560,256,1000
4.384782285648996,3.786862137307958,4.985558087587112,8.212422909139269,9.993651328066747,5.304340649198583,0.5636267289795749,3.655238912847307,0.9157657814134209,3.6940442459613885,fiber,16,16,euclidean,sqrt_l1,inverse2,2560,256,1000
4.371469136072111,3.7655708006554356,5.022945633241761,8.145301768480909,9.985940689750263,5.268512993999947,0.5787329137430833,3.6279072594495703,0.9113119370412526,3.6683395806683734,fiber,16,24,euclidean,sqrt_l1,inverse2,2560,256,1000
4.373673767977903,3.8088082057060757,5.058799780868585,7.955447628003476,10.302946003324356,5.275891646214364,0.3387476669999985,3.8119042032748025,0.5686380583333318,3.5907860061781003,fiber,16,3,euclidean,l1,uniform,2560,256,1000
4.415292940489112,3.783721026956725,5.05936959459306,8.441212606494434,10.164615342754786,5.356659416559645,0.5601314412440286,3.68504937024298,0.8707507015585475,3.750987433161965,fiber,16,12,euclidean,sqrt_l1,inverse2,2560,256,1000
4.379146647216215,3.829304627296342,5.062813549701203,7.994294208311915,10.322948612495562,5.27932222483186,0.33759970770264713,3.8209432703592117,0.5596186339213741,3.5877514780668704,fiber,16,3,euclidean,l1,inverse,2560,256,1000
4.398683583732272,3.809393334481287,5.07086009079663,8.298820543375701,9.83980360337175,5.321647099780671,0.574798322204409,3.669856381351619,0.9225678718990978,3.701043498018007,fiber,16,16,euclidean,sqrt_l1,inverse,2560,256,1000
4.389149776414601,3.814145746823651,5.075629905137152,8.17265456440297,9.852034288911915,5.2874264288513135,0.5875989736891789,3.6431345613677544,0.9171275513425962,3.677614796167771,fiber,16,24,euclidean,sqrt_l1,inverse,2560,256,1000
4.414202996253617,3.830985453037339,5.086313209727395,8.338275942119022,9.774578406187626,5.340704856422902,0.5824976669999998,3.686755480545548,0.92944535,3.7087919195966856,fiber,16,16,euclidean,sqrt_l1,uniform,2560,256,1000
4.520295878657895,3.77607393849069,5.098918459928258,8.66115532231212,10.451075201040496,5.48154633523098,0.5459619728257357,3.755718999542582,0.8479385473063796,3.867028588113105,fiber,16,8,euclidean,sqrt_l1,inverse,2560,256,1000
4.439960010575614,3.834045191413191,5.102364094589625,8.340171310348262,10.228809887694982,5.392354671867621,0.582497666999998,3.7155934114400777,0.8756693083333316,3.767459837408205,fiber,16,12,euclidean,sqrt_l1,uniform,2560,256,1000
4.5077359884458215,3.7931063323852197,5.104914081302471,8.541877250725673,10.528853971111037,5.466074812027714,0.532319148868789,3.746548654062784,0.8470906398285898,3.856076601762791,fiber,16,8,euclidean,sqrt_l1,inverse2,2560,256,1000
4.425919316766633,3.7801756428502875,5.113565665045988,8.293623316237053,10.101182031523525,5.372430423291467,0.5729443159980191,3.69809135495793,0.8731184194383909,3.7582347222856543,fiber,16,12,euclidean,sqrt_l1,inverse,2560,256,1000
4.539781284111829,3.780002808100625,5.117211502122601,8.701521839746112,10.37485814632865,5.505450362316855,0.5567164169999999,3.7733902867895357,0.848585975,3.8821112002621456,fiber,16,8,euclidean,sqrt_l1,uniform,2560,256,1000
4.407156956914074,3.8176623562117586,5.12351913522533,8.195685592666118,9.747178398010783,5.305809845469752,0.5930445419999981,3.658417907070045,0.9222838916666646,3.686768695332655,fiber,16,24,euclidean,sqrt_l1,uniform,2560,256,1000
4.381640929554177,3.7418079945614457,5.128625145228457,8.10206236412934,9.692447212654557,5.270715297788391,0.5943691997346761,3.6691026811538876,0.9045480588304264,3.6295011947332676,fiber,16,32,euclidean,sqrt_l1,inverse2,2560,256,1000
4.395596482274122,3.8265701538764985,5.141257163998807,8.025641826217084,10.212579511323227,5.294652354351052,0.3362266556512299,3.8389607576161593,0.5505383656773783,3.5926630577344847,fiber,16,3,euclidean,l1,inverse2,2560,256,1000
4.4207624670384975,3.801164828463305,5.164444137305532,8.208171889589119,9.792769560123997,5.3110620146748335,0.6071070419999999,3.710098816252779,0.9116719125,3.6427814305350856,fiber,16,32,euclidean,sqrt_l1,uniform,2560,256,1000
4.401788866540181,3.7739997176677766,5.168276373399289,8.180563980855151,9.723534202320996,5.291775528632819,0.6023410156731759,3.6902929406247122,0.9085634340422064,3.636367070639577,fiber,16,32,euclidean,sqrt_l1,inverse,2560,256,1000
4.663467931876508,3.9562806039266727,5.251909611129113,8.834776391809932,11.054849463033882,5.621489697317323,0.47951765595155305,3.844273822867373,0.844953111230499,3.988672736730859,fiber,16,5,euclidean,sqrt_l1,inverse2,2560,256,1000
4.6691703601215755,3.998491224350003,5.282206878158536,8.888872113501032,10.910586704283759,5.624962112777216,0.4904971147892609,3.839851416217655,0.8453953480577966,3.9963952245875,fiber,16,5,euclidean,sqrt_l1,inverse,2560,256,1000
4.683419548383424,4.0124356095343945,5.282878003678987,8.941958274818964,10.827114838011658,5.641477447364502,0.49937266699999994,3.8473925790640005,0.844679725,4.011468002927199,fiber,16,5,euclidean,sqrt_l1,uniform,2560,256,1000
4.981449012240131,4.305660308985768,5.542649054437253,9.750556747170291,11.775410586678566,5.973396428716045,0.45181702485771924,4.101525547164613,0.8566758225264393,4.237416571770796,fiber,16,3,euclidean,sqrt_l1,inverse,2560,256,1000
4.9779459872898,4.289412920722432,5.604391087206644,9.85576174574793,11.875656435209843,5.976099489339111,0.44012768970607874,4.109752060008609,0.8511405753261804,4.235608680273562,fiber,16,3,euclidean,sqrt_l1,inverse2,2560,256,1000
4.9975363719009405,4.293786762546344,5.612604005928523,9.819999799244775,11.874041302982226,5.986301720336193,0.46374766699999836,4.105582591919123,0.8613463916666652,4.249462801963318,fiber,16,3,euclidean,sqrt_l1,uniform,2560,256,1000
5.336397817302438,4.663843614044857,6.283105163612695,10.190901798609955,11.720725216446773,6.407548705169731,0.30124766699999994,4.689319521292597,0.43842972499999994,4.338756340227299,fiber,16,1,euclidean,l1,uniform,2560,256,1000
5.336397817302438,4.663843614044857,6.283105163612695,10.190901798609955,11.720725216446773,6.407548705169731,0.30124766699999994,4.689319521292597,0.43842972499999994,4.338756340227299,fiber,16,1,euclidean,l1,inverse,2560,256,1000
5.336397817302438,4.663843614044857,6.283105163612695,10.190901798609955,11.720725216446773,6.407548705169731,0.30124766699999994,4.689319521292597,0.43842972499999994,4.338756340227299,fiber,16,1,euclidean,l1,inverse2,2560,256,1000
6.151064999163118,5.074647615802604,7.150920869543989,11.827219209079775,14.716134836744365,7.4724536337887235,0.354372667,5.266800809977655,0.741554725,5.2419563558907605,fiber,16,1,euclidean,sqrt_l1,uniform,2560,256,1000
6.151064999163118,5.074647615802604,7.150920869543989,11.827219209079775,14.716134836744365,7.4724536337887235,0.354372667,5.266800809977655,0.741554725,5.2419563558907605,fiber,16,1,euclidean,sqrt_l1,inverse,2560,256,1000
6.151064999163118,5.074647615802604,7.150920869543989,11.827219209079775,14.716134836744365,7.4724536337887235,0.354372667,5.266800809977655,0.741554725,5.2419563558907605,fiber,16,1,euclidean,sqrt_l1,inverse2,2560,256,1000
