reference,k,metric,normalization,weighting,n_events,mean_err_x_cm,sigma_err_x_cm,mean_err_z_cm,sigma_err_z_cm,median_err_r_cm,p68_err_r_cm,p95_err_r_cm
events,12,euclidean,sqrt,inverse2,1000,-0.22145832512345665,4.525515559115337,-0.06107697811620278,4.455313025510909,3.221163207400447,4.708841987941403,14.124245057643394
events,16,euclidean,sqrt,uniform,1000,-0.2067674135,4.472775472084686,-0.06596197387499991,4.435352929751571,3.194397661022397,4.719625251515425,14.449583862205316
events,16,euclidean,sqrt,inverse2,1000,-0.2022503807553943,4.463149117577992,-0.05595093874915973,4.418140461904363,3.1712766204727343,4.724489400610804,14.265319670614858
events,16,euclidean,sqrt,inverse,1000,-0.20470281281923788,4.467700250610034,-0.06121918756126286,4.426532143685152,3.170113107749353,4.731550561303368,14.345481484642233
events,12,euclidean,sqrt,inverse,1000,-0.2255374960712513,4.532958967706091,-0.06802682816372532,4.4644785300005,3.2258341849973426,4.744328783807565,14.13493107624278
events,12,euclidean,sqrt,uniform,1000,-0.22924215433333336,4.541324140425853,-0.07454786199999992,4.474454296039261,3.23682525098949,4.754106169961984,14.180281064160024
events,5,euclidean,none,inverse,1000,-0.3292404941273388,4.313568495435142,-0.08150706753516054,4.423249559893331,3.3006473773317317,4.7662351315042395,13.209839381561375
events,5,euclidean,none,inverse2,1000,-0.32521220570438186,4.304759217831214,-0.08188141769320137,4.4123226563459115,3.2919545694947763,4.767657030354649,13.053347796744992
events,12,euclidean,none,inverse2,1000,-0.41369344814012515,4.186000392362535,-0.21289219625391081,4.133459923708479,3.255358942183962,4.776304741928847,13.079648231973682
events,5,euclidean,none,uniform,1000,-0.33313117099999995,4.324456071112127,-0.08171960899999976,4.437123049212763,3.3181103381122274,4.782918183293257,13.357422739656089
events,8,euclidean,none,inverse2,1000,-0.38536143950883744,4.283539077762881,-0.17693253703082493,4.248741365147789,3.2673564217098896,4.798241590392634,13.399468468487736
events,12,euclidean,none,inverse,1000,-0.42228944165836196,4.193979941873426,-0.22332794848253076,4.14271495868218,3.322114425789274,4.821532523738558,13.150773371572619
events,12,euclidean,none,uniform,1000,-0.43025241100000017,4.203523286520447,-0.23363877366666666,4.153409153457668,3.3286375600197857,4.827257471788176,13.180428580018182
events,24,euclidean,sqrt,inverse2,1000,-0.2033826971806406,4.390508847849635,-0.03741284412421138,4.392387406023095,3.1887900717201,4.830241993756373,14.15148428923394
events,24,euclidean,sqrt,inverse,1000,-0.20557345173576175,4.394358359978614,-0.04084706216130367,4.400541017682875,3.2086992737108755,4.837886849798073,14.180931581027043
events,16,euclidean,none,inverse2,1000,-0.4512526740699179,4.15227393211472,-0.2574141745761516,4.154998450340964,3.3132287134612763,4.840662391104419,12.939311860397373
events,8,euclidean,none,inverse,1000,-0.39387578113136074,4.296931442892173,-0.18339171982196273,4.2594549293988,3.3264538176422898,4.840794651295894,13.48588187852174
events,32,euclidean,sqrt,inverse2,1000,-0.21208400703036195,4.380478435308228,-0.07060019568503866,4.384051286255008,3.2292249415660077,4.858323990858399,14.05291181633126
events,24,euclidean,sqrt,uniform,1000,-0.20739882433333362,4.398479091257362,-0.04373976366666682,4.4086496036253005,3.2033559926854958,4.866364042163399,14.209974926329368
events,32,euclidean,sqrt,inverse,1000,-0.21484011805120592,4.385828071538164,-0.07530536862406774,4.392133355808279,3.2439449705581307,4.878954261418157,14.166419544195138
events,8,euclidean,none,uniform,1000,-0.40222214350000013,4.312124781088063,-0.1902044332499999,4.272268502551447,3.3411096641173677,4.879869894279719,13.690949938175851
events,3,euclidean,none,inverse2,1000,-0.3454829244055552,4.423176671269783,-0.0727714911471167,4.595508959678113,3.39666885148594,4.8809722223771175,14.50710706000494
events,16,euclidean,none,inverse,1000,-0.46175517868517,4.160658015888452,-0.2720459021503448,4.1694578292838385,3.347938588653563,4.883344337197655,12.981696809702083
events,3,euclidean,none,inverse,1000,-0.34759598432923217,4.426008752376589,-0.06999554809829968,4.6010712198825034,3.4173790747521635,4.8861274172730695,14.39762487904239
events,3,euclidean,none,uniform,1000,-0.34969680100000006,4.431065784378023,-0.06697200700000001,4.609893931390497,3.450624769466239,4.90178245258632,14.339309857512719
events,32,euclidean,sqrt,uniform,1000,-0.21727889818749996,4.391261722739702,-0.07950366387500003,4.400054104045844,3.242549635913413,4.905811616560405,14.26286575594491
events,16,euclidean,none,uniform,1000,-0.4713508447499999,4.170403078002323,-0.28603780262499995,4.184636930982967,3.352820806710971,4.920630079882889,13.028755777561758
events,24,euclidean,none,inverse2,1000,-0.5288054542608324,4.178747125594771,-0.30806945713060374,4.170278622999997,3.403403937180463,4.942366600453324,12.892986983928909
events,24,euclidean,none,inverse,1000,-0.5467263936456969,4.192226955209713,-0.32696738624360616,4.189490345347044,3.46285600462239,4.984154932172501,12.887739807510638
events,24,euclidean,none,uniform,1000,-0.5635856735000002,4.206905610530541,-0.3446236824166665,4.2091362340383025,3.4594625475822864,4.984764273480807,12.878756382473528
events,48,euclidean,sqrt,inverse2,1000,-0.26920249519486267,4.379303370465199,-0.09664938096283701,4.42696723032039,3.335291609392277,4.9927402494746875,13.877112496416967
events,8,euclidean,sqrt,inverse,1000,-0.21284829900413502,4.624823825580266,-0.019515037537433288,4.59590836383913,3.2593177409621665,5.032790981088693,14.050249343475988
events,8,euclidean,sqrt,inverse2,1000,-0.20881157227539843,4.616428117618173,-0.01301037834870786,4.582647286065754,3.255709467370621,5.032852085587821,14.105472181131068
events,48,euclidean,sqrt,inverse,1000,-0.27548423238025754,4.3869079209622805,-0.10267318259875513,4.438397984978607,3.3654848705403175,5.033487590868662,13.832804984078262
events,32,euclidean,none,inverse2,1000,-0.5703865068472405,4.203448914001924,-0.3555478493893016,4.187323067984761,3.428370623447546,5.04344552450382,13.161068514218643
templates,3,euclidean,none,inverse2,1000,-0.47473167595170856,4.242425926921778,-0.26155055016325723,4.383641234746516,3.581284432931396,5.0489709944057335,12.590291581038496
templates,3,euclidean,none,inverse,1000,-0.48724208599260566,4.25125760708402,-0.26505293372774386,4.3908394094256264,3.6017088373360973,5.063694312264315,12.731348671891672
events,8,euclidean,sqrt,uniform,1000,-0.21661590599999994,4.634803599750236,-0.025810458249999953,4.610767443856667,3.3045219060112685,5.064517756245905,14.09093398054501
templates,5,euclidean,none,inverse2,1000,-0.553309253937148,4.036644017627444,-0.3641048148126796,4.275420145178924,3.644550217601185,5.085794293714322,12.294353671978053
templates,3,euclidean,none,uniform,1000,-0.5002017876666668,4.264588545508367,-0.2700020936666667,4.402440297869433,3.687299778070878,5.101216759914062,12.708097723575854
events,48,euclidean,sqrt,uniform,1000,-0.2813887474583334,4.394353995676368,-0.10813369679166664,4.44940637198883,3.4067265939812286,5.102818825290931,13.788120772756251
events,64,euclidean,sqrt,inverse2,1000,-0.2998158646713785,4.42356578805826,-0.14640823841224557,4.47716242010279,3.401324571095359,5.116241572520016,14.175314141754933
templates,5,euclidean,none,inverse,1000,-0.5806287673614411,4.04794238136647,-0.3787843881248696,4.286686665309681,3.7152109403304108,5.121698280123131,12.284664802467406
events,32,euclidean,none,uniform,1000,-0.6112182285,4.237724843930113,-0.40242036574999995,4.234946408903895,3.5188083148550247,5.1322537652734175,13.150858569464182
events,32,euclidean,none,inverse,1000,-0.5916254505804288,4.220209064560981,-0.37995687369190534,4.211318774677333,3.4867306075502222,5.144877622162024,13.133421734706786
events,5,euclidean,sqrt,inverse,1000,-0.21280444763350123,4.695658890369233,0.04486238989247228,4.530182127829884,3.40078793507261,5.152139826221952,13.948481498662122
events,5,euclidean,sqrt,inverse2,1000,-0.20986369533680108,4.692285930803438,0.04853330694106448,4.527948262866673,3.400352392679051,5.159963503731816,13.961253598431192
events,64,euclidean,sqrt,inverse,1000,-0.30861890070060016,4.435459816073077,-0.15605166128459327,4.492222978620549,3.4249067025920468,5.166909822797105,14.204733805100084
events,5,euclidean,sqrt,uniform,1000,-0.2155552849999999,4.701111186631894,0.04131061300000022,4.534925291917545,3.406116253287097,5.177767978736587,13.807031592984012
events,48,euclidean,none,inverse2,1000,-0.6698971319664984,4.263790863826749,-0.45918342916169613,4.247669862690813,3.5995711870429643,5.190578545862693,13.328038562716673
events,64,euclidean,sqrt,uniform,1000,-0.31699481490624987,4.446997882335437,-0.1650623566875,4.506622661789369,3.455289346551773,5.195793858478669,14.227448278410591
templates,5,euclidean,none,uniform,1000,-0.6076764969999999,4.065536842907835,-0.3950525449999999,4.3046490352247515,3.7470706801827274,5.226666916595414,12.269434528241309
templates,8,euclidean,none,inverse2,1000,-0.6357807469867417,4.057566467825013,-0.4983935788430587,4.2797478131852325,3.700759646551783,5.25368562571798,12.179155064985991
events,64,euclidean,none,inverse2,1000,-0.7634011455764944,4.316954414400575,-0.540723621037866,4.28732938837613,3.682112428034187,5.27162764347561,13.545843188232954
events,48,euclidean,none,inverse,1000,-0.7012701293386467,4.287649704492085,-0.4947926216690994,4.277865666742597,3.641400120342174,5.28494861343634,13.389411899826493
templates,12,euclidean,none,inverse2,1000,-0.7615754864838962,4.084039553714688,-0.6236982973990385,4.276813348869902,3.875250840075767,5.313709862284373,12.327615281822297
templates,8,euclidean,none,inverse,1000,-0.6828494353811462,4.08297940086406,-0.5309237616061675,4.303396922219132,3.748971365899325,5.33970568864889,12.25013959959583
templates,1,euclidean,none,inverse2,1000,-0.30222214100000006,4.690270892406836,-0.19323437699999993,5.060164574401129,3.6781725286674867,5.34732084430734,14.121681451728438
templates,1,euclidean,none,uniform,1000,-0.30222214100000006,4.690270892406836,-0.19323437699999993,5.060164574401129,3.6781725286674867,5.34732084430734,14.121681451728438
templates,1,euclidean,none,inverse,1000,-0.30222214100000006,4.690270892406836,-0.19323437699999993,5.060164574401129,3.6781725286674867,5.34732084430734,14.121681451728438
events,3,euclidean,sqrt,inverse,1000,-0.21970203736500435,4.944935623122741,0.08774016831976944,4.822681596006346,3.668458641742371,5.384369542597663,14.266130648761777
events,3,euclidean,sqrt,inverse2,1000,-0.21603086672249708,4.946356584116133,0.08908218109689765,4.827803301270883,3.6826279180400516,5.38793356233685,14.383464153027134
events,48,euclidean,none,uniform,1000,-0.7299998364166667,4.311744037231416,-0.526568137625,4.306058155390153,3.684481476007623,5.3906886680291874,13.44305227527878
events,3,euclidean,sqrt,uniform,1000,-0.22343426433333327,4.9462319384697455,0.08656312299999999,4.819953227201926,3.680297121239912,5.400190583605612,14.193334931488954
events,64,euclidean,none,inverse,1000,-0.8078248073511772,4.346506087039822,-0.5867099456125798,4.323396967820197,3.795806960418866,5.411163465611091,13.709071025128841
templates,8,euclidean,none,uniform,1000,-0.7294946059999998,4.11764764369819,-0.5640677057499999,4.334436241870365,3.886182133888417,5.414282814779069,12.235332744300983
templates,3,euclidean,sqrt,inverse2,1000,-0.8672530012677314,4.5152081427703115,-0.7096397973894503,4.769424361250171,3.720424555150357,5.488703342383769,14.005268098031204
events,64,euclidean,none,uniform,1000,-0.8486709106875,4.375594908346431,-0.6273730610624999,4.356604367023919,3.8911114197044885,5.501889612415688,13.819572878972885
templates,3,euclidean,sqrt,inverse,1000,-0.8680812270263241,4.520946124076053,-0.7140505631349845,4.774143809455402,3.735301437956819,5.506552322356071,13.960039279217522
templates,12,euclidean,none,inverse,1000,-0.8363500548865386,4.125255732620093,-0.6853343938438381,4.316325019830295,4.019712462562164,5.526034498261196,12.271273227151633
templates,3,euclidean,sqrt,uniform,1000,-0.8688888943333333,4.527285460774261,-0.718487197,4.7795342011185395,3.7114505142377254,5.52804948085602,13.922404586315295
templates,5,euclidean,sqrt,inverse2,1000,-0.9942514577526904,4.36520004192598,-0.809111992292185,4.594114615245119,3.699698843234362,5.538155048461624,13.832733725873664
templates,16,euclidean,none,inverse2,1000,-0.8754417790206004,4.117524093353423,-0.7402232202556143,4.319741400279752,4.081534764963031,5.543379569594123,12.193174093652514
templates,5,euclidean,sqrt,inverse,1000,-1.0015319029637735,4.3715571281355,-0.8157451993035031,4.59954106733327,3.691452346530806,5.6019584810889995,13.866254879553434
templates,5,euclidean,sqrt,uniform,1000,-1.0088888029999996,4.3786195610730605,-0.8223256469999997,4.605745326835619,3.674715800707411,5.616795914866979,13.89897429977313
events,16,euclidean,log1p,inverse2,1000,-0.16468708429864154,4.65718795019048,0.034339296708338705,4.680557777058681,3.9442812448081805,5.61953103748854,13.767278477107823
events,16,euclidean,log1p,inverse,1000,-0.16368043120547196,4.665713808494285,0.030307790123057517,4.687823115843463,3.9532111634850193,5.633615063878968,13.729785293509162
templates,8,euclidean,sqrt,inverse2,1000,-1.1614049612483468,4.359173463712332,-0.9053359967400626,4.540813819545109,3.991973199645783,5.646434116519076,13.533092328164086
templates,8,euclidean,sqrt,inverse,1000,-1.179573785112487,4.37167461451831,-0.9183125809861569,4.551019981638695,4.06963197298874,5.685218934168849,13.536477905459753
events,16,euclidean,log1p,uniform,1000,-0.16263845349999997,4.674667304233862,0.026651837375000015,4.6955410422887764,3.9612963879985,5.692272647107922,13.768338411133056
events,8,euclidean,log1p,inverse2,1000,-0.20818103936135912,4.761446576078797,0.0945063554389044,4.763156877712848,4.03599109674778,5.704362455470369,13.661045688334333
templates,12,euclidean,none,uniform,1000,-0.9072724376666667,4.177316986502747,-0.7472748395000001,4.3646428009645755,4.152573052950059,5.709910288597243,12.228796860628247
templates,8,euclidean,sqrt,uniform,1000,-1.1976766385,4.385326877471473,-0.9311135407499999,4.562301327658762,4.124289680007282,5.718648017985515,13.549178366587636
events,8,euclidean,log1p,inverse,1000,-0.20948091447379275,4.771145190808642,0.09094982419800114,4.766864557308784,4.007892423072047,5.731256992437071,13.731796126439551
templates,3,euclidean,l1,inverse2,1000,0.5980268024282709,5.5502215331631675,0.7754588877924747,5.951725396851525,3.9328604734081787,5.7411788912733135,15.389369859113993
events,24,euclidean,log1p,inverse2,1000,-0.18055565185060093,4.605812555743664,0.07694279192661999,4.662522562649784,3.9342519124048203,5.748247885674073,13.43363063745081
events,8,euclidean,log1p,uniform,1000,-0.21055504850000012,4.782437852679992,0.08744718924999997,4.771866864991577,4.010783917290759,5.751953762001163,13.803030206259153
templates,16,euclidean,none,inverse,1000,-0.978075663511214,4.183313822491505,-0.8317409717884613,4.382892389062592,4.274971278839686,5.759908087807403,12.219010385364204
templates,1,euclidean,sqrt,inverse,1000,-0.874949781,4.9517533471767585,-0.48111335699999996,5.225396613621635,4.079669611254819,5.766318019660271,15.29140022628797
templates,1,euclidean,sqrt,inverse2,1000,-0.874949781,4.9517533471767585,-0.48111335699999996,5.225396613621635,4.079669611254819,5.766318019660271,15.29140022628797
templates,1,euclidean,sqrt,uniform,1000,-0.874949781,4.9517533471767585,-0.48111335699999996,5.225396613621635,4.079669611254819,5.766318019660271,15.29140022628797
templates,12,euclidean,sqrt,inverse2,1000,-1.2445729604180529,4.415255191302793,-1.0056970119042488,4.562481346899711,4.120032990894644,5.77117512857939,13.13316661672874
templates,3,euclidean,l1,inverse,1000,0.591545943927156,5.558941917298443,0.758522973272118,5.960891999585967,4.034706039902858,5.778319845251777,15.36888657296812
events,24,euclidean,log1p,uniform,1000,-0.18164106516666675,4.620010961159229,0.07658875091666648,4.678459937706402,3.9417750823067728,5.782557204936361,13.700883026762899
templates,24,euclidean,none,inverse2,1000,-1.0827741389959529,4.1770444902821335,-0.9938945795165702,4.378530257650332,4.388620939278438,5.799358969671888,12.412521443733535
events,24,euclidean,log1p,inverse,1000,-0.18111070151766182,4.612859267840946,0.07657304813992864,4.670419523564285,3.922814511996341,5.80210938759668,13.560150112245518
events,32,euclidean,log1p,inverse,1000,-0.2012797773152811,4.626020348005863,0.04493654384810131,4.635667835525824,3.9235998225169118,5.824392699599278,13.77861023584429
events,12,euclidean,log1p,inverse2,1000,-0.18630680698663332,4.705524476557385,0.01216113535607478,4.741490162520204,4.018590159235433,5.8274048400339495,13.869015673822453
events,12,euclidean,log1p,uniform,1000,-0.18530257016666676,4.725038099039093,-0.0008103336666665087,4.760126302280974,3.9713017901239187,5.833640795349654,14.006825082197812
templates,5,euclidean,l1,inverse2,1000,0.5936228075796943,5.482316314087677,0.7639664060813264,6.003606469096189,4.007260498710931,5.843164282855156,15.185772732023306
events,12,euclidean,log1p,inverse,1000,-0.18584988543710768,4.714869877779125,0.005531493741181507,4.750412344672817,4.013953447459631,5.843822344653182,13.888222898796192
events,32,euclidean,log1p,inverse2,1000,-0.19953770526144085,4.617443680745481,0.0469941144644054,4.628387486714208,3.896211504621305,5.844769415482072,13.662410454863988
templates,3,euclidean,l1,uniform,1000,0.5836368956666665,5.570481457189463,0.7411089263333331,5.973323837043461,4.0901766545878315,5.852092412837457,15.317250516977056
events,32,euclidean,log1p,uniform,1000,-0.2029794356875,4.634562943543728,0.043223840500000034,4.642855936134253,3.945388042887992,5.874363086329435,13.816732461893752
templates,12,euclidean,sqrt,inverse,1000,-1.271225301043307,4.434219982323558,-1.0255525867025963,4.578549802126435,4.1563718355446175,5.8828510877628775,13.132458087749331
templates,16,euclidean,none,uniform,1000,-1.073055242875,4.261638397163962,-0.9216435651249999,4.4572099587467235,4.461319081107503,5.930293296053676,12.246798426134157
events,48,euclidean,log1p,inverse2,1000,-0.21539708374822755,4.636898604542173,0.017812343799595155,4.662892307535575,4.084983114583702,5.936616858886423,13.721244131526968
templates,12,euclidean,sqrt,uniform,1000,-1.2971716093333334,4.454420038974778,-1.044749867,4.596012640666536,4.219729428581383,5.957344622955513,13.147260856794293
events,48,euclidean,log1p,uniform,1000,-0.22034059308333317,4.6571002669425,0.010932154666666662,4.683448599333967,4.089116401832105,5.96401908912887,13.750571179463234
events,48,euclidean,log1p,inverse,1000,-0.21791981975331504,4.647201978788931,0.014216830119325181,4.673337737301864,4.096085009203687,5.974915999905899,13.786049743703089
templates,5,euclidean,l1,inverse,1000,0.5608261886147856,5.5017060155284145,0.7227845498389237,6.030260490219301,4.060999216241852,5.996527465923289,15.14909621615295
events,64,euclidean,log1p,inverse2,1000,-0.22919710271396854,4.6764286418314605,-0.012479516985164708,4.6904600331606305,4.111814090661047,6.007948935850613,13.842629692802674
templates,8,euclidean,l1,inverse2,1000,0.6136972294539961,5.512295713357318,0.715592438701589,6.000637789501762,4.0419452161104985,6.012292680033591,15.128651145595054
events,1,euclidean,none,inverse2,1000,-0.347676831,5.4165751993902935,0.018886593000000004,5.79149810396228,4.04141940873939,6.016549265064487,17.195285342069727
events,1,euclidean,none,inverse,1000,-0.347676831,5.4165751993902935,0.018886593000000004,5.79149810396228,4.04141940873939,6.016549265064487,17.195285342069727
events,1,euclidean,none,uniform,1000,-0.347676831,5.4165751993902935,0.018886593000000004,5.79149810396228,4.04141940873939,6.016549265064487,17.195285342069727
templates,16,euclidean,sqrt,inverse2,1000,-1.3201611401313675,4.484297952576769,-1.1334637201775866,4.605165641118647,4.26850152689579,6.017050225884171,13.525345469145368
templates,8,euclidean,log1p,inverse2,1000,-1.143948034021514,4.494519318792797,-0.997036710397371,4.736728812805129,4.349511994826436,6.04851884564603,13.244049542636754
templates,12,euclidean,l1,inverse2,1000,0.5417644966123433,5.586559584224484,0.6035752013653671,5.924452233636982,4.08844127788046,6.0631341976500615,15.288581819522541
events,64,euclidean,log1p,uniform,1000,-0.23531849631249985,4.699412550298905,-0.022164428875000055,4.713315735692576,4.14620559506563,6.066555512469693,13.836109035333886
events,64,euclidean,log1p,inverse,1000,-0.23232611086688706,4.6882459560440495,-0.017508439882214517,4.702183246445584,4.124104900333251,6.068020076719952,13.880248143406252
events,5,euclidean,log1p,inverse2,1000,-0.1571836866351692,4.8168158448514555,0.12961808443980302,4.904069130882925,4.26771926327119,6.080260257472177,13.450138927300708
events,12,euclidean,l1,inverse2,1000,2.373866059277069,6.215537762870439,2.5539093703609517,6.605877640167566,4.0007292800326155,6.085542607922911,18.906726674767615
templates,8,euclidean,l1,inverse,1000,0.5547506218510305,5.562867109194806,0.6370611975909473,6.049786033716575,4.2435519045085455,6.094811659187712,15.221604988298417
templates,8,euclidean,log1p,inverse,1000,-1.149285155106434,4.5022034251073935,-1.0004742884385216,4.74462589674714,4.337989683704993,6.10056526539424,13.233856649914427
templates,5,euclidean,log1p,inverse2,1000,-1.06602538762065,4.577145274066086,-0.9691197630695978,4.712655785784918,4.319806796598598,6.103327071226093,13.449391180701959
templates,8,euclidean,log1p,uniform,1000,-1.154494916,4.510183207579275,-1.00384086075,4.753006747070677,4.362178752781606,6.111584084928286,13.278252994711352
templates,16,euclidean,sqrt,inverse,1000,-1.3576748865953725,4.511463593353397,-1.166335759010909,4.628642024452204,4.303961422037182,6.11305522166543,13.498240921811286
templates,5,euclidean,log1p,inverse,1000,-1.0692310200015844,4.584435060987493,-0.9721117699122486,4.716603434847065,4.322496199711175,6.1149782118581175,13.539302441602088
templates,24,euclidean,none,inverse,1000,-1.2353838480808508,4.291698042341608,-1.1492085679894861,4.486435808110706,4.7275599921680564,6.116233126120574,12.333973395171103
events,12,euclidean,l1,uniform,1000,2.3790923665,6.235639896698659,2.5610592696666674,6.637988037019073,4.0485346329624115,6.117589807663445,19.373704166072297
events,12,euclidean,l1,inverse,1000,2.376362296477506,6.225499163242364,2.557458360559798,6.621724163307408,4.030772225526404,6.12518085706363,18.96726909287187
templates,5,euclidean,log1p,uniform,1000,-1.072525279,4.592142208843099,-0.9750529529999997,4.7210838161182,4.306947677157906,6.130427986775031,13.55154362935125
templates,3,euclidean,log1p,inverse,1000,-1.0604896255048633,4.667455086488429,-0.9263024586074317,4.8188110723792414,4.32009255169457,6.143125834391428,13.767615531650764
templates,3,euclidean,log1p,inverse2,1000,-1.0591504075626352,4.661502612550943,-0.9230297157698802,4.817396945795272,4.3098148897296635,6.146828148476935,13.80420739387285
templates,3,euclidean,log1p,uniform,1000,-1.0618181576666665,4.674032576375148,-0.9295981869999999,4.820843153102535,4.31072668042564,6.149393179716385,13.728434724291274
templates,16,euclidean,l1,inverse2,1000,0.4614810858978319,5.6483698217355185,0.5276680553115969,5.9999193221299985,4.168781600909583,6.158034568976835,15.4380875079129
templates,8,euclidean,l1,uniform,1000,0.4939907240000001,5.63009384713506,0.5560081105000002,6.113792830992881,4.350978134937595,6.167465556500215,15.218307550512659
templates,5,euclidean,l1,uniform,1000,0.5232330510000003,5.529765726496721,0.6782806630000004,6.066668999008357,4.1208957624672085,6.186155281504622,15.194778837679495
events,5,euclidean,log1p,inverse,1000,-0.15851785529058277,4.821482022363202,0.12851929533030532,4.90423899427128,4.244734570943809,6.189620559029668,13.413859019845528
events,16,euclidean,l1,inverse2,1000,2.410482410847628,6.243846151886972,2.6097330315223575,6.632789861837488,4.064588091618591,6.226435262348043,19.196115934203373
templates,16,euclidean,sqrt,uniform,1000,-1.39407817225,4.540315999335134,-1.1987271695,4.653896276124846,4.326071200899251,6.2268448934606955,13.497266974902868
events,5,euclidean,log1p,uniform,1000,-0.1597976249999998,4.828532834730309,0.12737151700000016,4.906174360968604,4.25883133647209,6.241251390207324,13.383353786650677
templates,12,euclidean,log1p,inverse2,1000,-1.1953762534278913,4.5617521722035175,-1.0807088237995495,4.71385996250375,4.507238340355849,6.266060956558812,13.314082557018395
events,8,euclidean,l1,inverse,1000,2.3236194339499296,6.307897772252919,2.488266358620489,6.6359372929953055,4.030957571825432,6.270835586545052,19.513458922217133
events,3,euclidean,log1p,inverse2,1000,-0.21897024156760622,5.132557086863291,0.12529427901616097,5.244325177822191,4.454401650460113,6.3007064941777395,14.207988219754697
events,16,euclidean,l1,inverse,1000,2.412334457989059,6.258296192148054,2.613247000501347,6.650985327852577,4.097414902441885,6.30144633454528,19.185818158984674
events,8,euclidean,l1,inverse2,1000,2.322862042594644,6.294357087553618,2.4846396923355845,6.621495282918076,4.013875429550509,6.302603971490583,19.48599726340372
templates,12,euclidean,log1p,inverse,1000,-1.2019896862900428,4.573820030921378,-1.0875316825421455,4.723064266999437,4.5359982529085405,6.3045551310931485,13.330038230335994
templates,32,euclidean,none,inverse2,1000,-1.291579252178065,4.296631039307854,-1.2032251963077505,4.485179936197627,4.639611641272634,6.309326304507823,12.620408093192502
templates,1,euclidean,l1,uniform,1000,0.446263059,6.262009737643552,0.9188866330000001,6.656233918802897,4.327856586564009,6.3122656393086665,18.509591709930334
templates,1,euclidean,l1,inverse,1000,0.446263059,6.262009737643552,0.9188866330000001,6.656233918802897,4.327856586564009,6.3122656393086665,18.509591709930334
templates,1,euclidean,l1,inverse2,1000,0.446263059,6.262009737643552,0.9188866330000001,6.656233918802897,4.327856586564009,6.3122656393086665,18.509591709930334
events,3,euclidean,log1p,uniform,1000,-0.22343382100000006,5.135292431087031,0.12494715299999999,5.246850869064442,4.42505012827854,6.324284030566244,14.161375080036402
events,3,euclidean,log1p,inverse,1000,-0.2211573614638454,5.132604819202329,0.12519115866485225,5.244377210316411,4.450921566329418,6.326333263938291,14.162029370906382
events,16,euclidean,l1,uniform,1000,2.41444600025,6.272857378009022,2.6166148355,6.669383557069727,4.130109224656493,6.33590757536722,19.172125792339905
events,8,euclidean,l1,uniform,1000,2.324294274,6.3222275946735715,2.4919935655,6.651271875521866,4.0659351561400445,6.3422396869425,19.65670248444849
templates,12,euclidean,log1p,uniform,1000,-1.2082828601666669,4.586095758639141,-1.094244942,4.73267322522953,4.543824447937116,6.357581240445794,13.280925264005738
templates,12,euclidean,l1,inverse,1000,0.44400831736076873,5.671006396752841,0.4945835130561726,6.003446505603061,4.194770894991745,6.388717974539843,15.368653964027525
events,5,euclidean,l1,inverse,1000,2.2567673267128985,6.380907584355955,2.383100238829089,6.596666017202237,4.22050752867619,6.390138996963456,20.174525386004053
events,5,euclidean,l1,inverse2,1000,2.257753824792679,6.365534296034203,2.3819931597355675,6.5854250009460555,4.146624742941555,6.401004146920104,20.031110520876886
events,5,euclidean,l1,uniform,1000,2.2553548150000005,6.398095062951234,2.3843421410000003,6.609731114458697,4.211134984435882,6.407346844439967,20.15229400130337
events,24,euclidean,l1,inverse2,1000,2.453360293375533,6.309792680930096,2.648914869768121,6.667505611407647,4.211911754971018,6.409076800991904,19.463747750313296
templates,24,euclidean,sqrt,inverse2,1000,-1.5097169505676467,4.565808407714475,-1.3435160050335349,4.704451957605366,4.528941883024922,6.4271793632071255,14.011928097473625
events,24,euclidean,l1,inverse,1000,2.451717007718571,6.330503460019241,2.645140720981436,6.690813027597812,4.2177280137063295,6.433372531860089,19.488117175648455
templates,16,euclidean,l1,inverse,1000,0.31364017540974326,5.784352393980448,0.3795211671726818,6.128749710683282,4.445147640587621,6.43514430918119,15.491225576736511
templates,24,euclidean,none,uniform,1000,-1.3707825276666668,4.420229981197965,-1.296517389083333,4.606959720949389,4.973014424820501,6.437714557836346,12.359880345055466
events,24,euclidean,l1,uniform,1000,2.4503045885833337,6.35107856954308,2.6412360938333332,6.713945739991174,4.211569463716392,6.477564181736944,19.58494943507483
templates,24,euclidean,sqrt,inverse,1000,-1.5729055252720636,4.615079511851775,-1.403766130478071,4.7483721105786705,4.658479345319526,6.488997915274287,14.073948639094104
templates,3,cosine,none,inverse2,1000,0.9953008155341696,6.2615983694337745,1.3221995058380016,6.823127894816492,4.120162081539126,6.499482528011266,17.516817055948508
templates,3,cosine,l1,inverse2,1000,0.9953008155341697,6.261598369433773,1.3221995058380003,6.8231278948164915,4.120162081539187,6.4994825280113,17.516817055948508
templates,5,cosine,l1,inverse2,1000,1.092831041949213,6.19341220583929,1.3582720728853304,6.848781352292453,4.24901146945942,6.51296770033203,17.4110794963688
templates,5,cosine,none,inverse2,1000,1.0928310419492127,6.193412205839293,1.358272072885332,6.848781352292453,4.24901146945942,6.512967700332039,17.411079496368803
templates,16,euclidean,log1p,inverse2,1000,-1.2334188949801128,4.5828371310749745,-1.1091152850623638,4.741104551728813,4.6341198084789355,6.514433116494116,13.302592155528103
templates,3,cosine,none,inverse,1000,0.992116216775154,6.272290025753231,1.3044413511191524,6.832554024274281,4.188991600981071,6.522696288299617,17.63399769205692
templates,3,cosine,l1,inverse,1000,0.9921162167751538,6.272290025753229,1.3044413511191524,6.83255402427428,4.188991600981092,6.522696288299623,17.63399769205692
events,32,euclidean,l1,inverse2,1000,2.4624987513849934,6.362528799545368,2.6515232898533423,6.734755573248719,4.274146276690274,6.538381035928124,19.967751573162868
events,32,euclidean,l1,inverse,1000,2.4545797325540115,6.38955110932047,2.638952214249352,6.764493758041988,4.301839175858801,6.554138057861709,19.901203259561335
templates,24,euclidean,l1,inverse2,1000,0.3178653757398495,5.724219860181247,0.39277649402240145,6.111153101417768,4.4569448420327,6.55891267027938,15.395772764994312
events,1,euclidean,sqrt,uniform,1000,-0.253737601,6.228979558962922,0.11888622300000008,6.309653122503278,4.377198450503707,6.561340001665967,18.44729392119611
events,1,euclidean,sqrt,inverse2,1000,-0.253737601,6.228979558962922,0.11888622300000008,6.309653122503278,4.377198450503707,6.561340001665967,18.44729392119611
events,1,euclidean,sqrt,inverse,1000,-0.253737601,6.228979558962922,0.11888622300000008,6.309653122503278,4.377198450503707,6.561340001665967,18.44729392119611
templates,3,cosine,none,uniform,1000,0.9816167056666664,6.293895761194135,1.280502886333333,6.851165667699528,4.279007604706181,6.584500523037752,17.7481798047142
templates,3,cosine,l1,uniform,1000,0.9816167056666664,6.293895761194135,1.280502886333333,6.851165667699528,4.279007604706181,6.584500523037752,17.7481798047142
templates,16,euclidean,log1p,inverse,1000,-1.2429741216297097,4.597888070707399,-1.117008079551366,4.753032665638293,4.608878888663978,6.602879588088133,13.294090973521516
events,32,euclidean,l1,uniform,1000,2.4467377149374996,6.416587908718267,2.6263687645625002,6.794235053705474,4.402584824984621,6.607423915725648,19.904390025074367
templates,5,cosine,none,inverse,1000,1.0562522944900814,6.219255531557373,1.3051615425852372,6.8831200960996695,4.365683910840444,6.620821397144705,17.422148821247493
templates,5,cosine,l1,inverse,1000,1.0562522944900816,6.219255531557373,1.3051615425852365,6.883120096099669,4.365683910840438,6.62082139714471,17.42214882124749
templates,8,cosine,l1,inverse2,1000,1.2247414012460158,6.327072504509656,1.4221228382709374,6.8370333995749055,4.432098133085873,6.64636863407366,18.378773284408016
templates,8,cosine,none,inverse2,1000,1.2247414012460154,6.327072504509657,1.422122838270939,6.8370333995749055,4.432098133085871,6.646368634073662,18.378773284408016
templates,12,euclidean,l1,uniform,1000,0.34979898899999995,5.7722799742527275,0.3921193805,6.099615140998593,4.298338163031887,6.676289900179554,15.42697843912051
events,3,euclidean,l1,inverse,1000,2.285105637088489,6.434544816291406,2.381142692767695,6.647050740230167,4.250892898535725,6.683612538691522,20.078147322029128
templates,16,euclidean,log1p,uniform,1000,-1.252222212875,4.613222168582793,-1.1246741757499998,4.765343603465255,4.626245976621311,6.6887947492545345,13.25047133319442
templates,24,euclidean,sqrt,uniform,1000,-1.633913921833333,4.668311470397609,-1.4630579836666666,4.795899926039844,4.821856430432678,6.707425987658674,14.135880812536412
templates,32,euclidean,sqrt,inverse2,1000,-1.6727681078144323,4.69532359852156,-1.5081273480433433,4.808453956218283,4.85470432814537,6.708746901308976,14.210623343278128
events,3,euclidean,l1,inverse2,1000,2.280587948652524,6.427345225960284,2.3789973770185426,6.6426943085482115,4.246812775350799,6.721772672398708,20.06059528163089
events,3,euclidean,l1,uniform,1000,2.2896981123333333,6.443848818022642,2.383534009666667,6.653949612383861,4.1891904382877945,6.722021543847582,20.205872807234638
templates,32,euclidean,none,inverse,1000,-1.5036403639876084,4.470839730022595,-1.4172473100119223,4.654371909659154,5.078335818634574,6.72869868654119,12.700815478470036
templates,24,euclidean,log1p,inverse2,1000,-1.3935929440264732,4.67693152975765,-1.2313454118813476,4.823989743817452,4.7433703304380135,6.766635567036008,13.372450854216122
templates,12,cosine,none,inverse2,1000,1.2954918785507847,6.351300081755873,1.4605352059871235,6.832509705162326,4.497038302561266,6.776560755574766,18.579197330368256
templates,12,cosine,l1,inverse2,1000,1.2954918785507856,6.351300081755872,1.460535205987122,6.832509705162327,4.497038302561268,6.776560755574788,18.579197330368242
events,48,euclidean,l1,inverse2,1000,2.4800801331108095,6.488113577964153,2.6971667013243805,6.8638753109867165,4.293065929081749,6.796664676477615,20.33882482227277
templates,16,cosine,none,inverse2,1000,1.340689632499881,6.44033043489181,1.4952738981869107,6.880146566642035,4.678929070831106,6.840421292407113,19.115407147504616
templates,16,cosine,l1,inverse2,1000,1.3406896324998818,6.440330434891808,1.4952738981869087,6.880146566642036,4.678929070831078,6.840421292407136,19.115407147504616
templates,24,euclidean,log1p,inverse,1000,-1.4138276456231007,4.700260915625884,-1.2483793436373094,4.844845006916697,4.789165170665349,6.8424687058943965,13.43368852623648
events,48,euclidean,l1,inverse,1000,2.457504409138168,6.52893434482495,2.672572731078127,6.90742470562639,4.349683765476263,6.862652825328711,20.43305479899397
templates,5,cosine,none,uniform,1000,0.9935360610000004,6.273607783358115,1.2297959110000003,6.9478904966067185,4.4809925274886595,6.914349935924401,17.39284400495348
templates,5,cosine,l1,uniform,1000,0.9935360610000004,6.273607783358115,1.2297959110000003,6.9478904966067185,4.4809925274886595,6.914349935924401,17.39284400495348
templates,32,euclidean,l1,inverse2,1000,0.14757575190076375,5.820142794367533,0.23063110608886336,6.216565876370516,4.714364096958088,6.915495788866911,15.219229031873397
events,64,euclidean,l1,inverse2,1000,2.4866261010167956,6.5802494153967785,2.6914675887332424,6.943653033008377,4.3797394676393555,6.924225867256364,20.691505673104857
templates,32,euclidean,sqrt,inverse,1000,-1.7627508781354508,4.768847615173546,-1.5944339754587358,4.877280953998627,5.0578159946984576,6.948067662799693,14.31312024419205
templates,24,euclidean,log1p,uniform,1000,-1.4336615805833333,4.723946334690698,-1.2652044632499997,4.866416237987397,4.847828747540335,6.949990092640619,13.481083073454801
events,48,euclidean,l1,uniform,1000,2.435405800875,6.570221706855401,2.6490646169583334,6.951078048629636,4.397114979018877,6.956198333843715,20.51591981934535
templates,16,euclidean,l1,uniform,1000,0.17107438024999996,5.943930534721498,0.24256138675000016,6.279762318609302,4.653071799962657,7.00772619241677,15.541899353448843
templates,8,cosine,none,inverse,1000,1.1431151864822136,6.411119005119685,1.3084395094469197,6.903971401098915,4.645759689400476,7.015206988601473,18.500680283254958
templates,8,cosine,l1,inverse,1000,1.143115186482214,6.411119005119685,1.3084395094469192,6.903971401098915,4.645759689400462,7.015206988601497,18.500680283254955
templates,48,euclidean,none,inverse2,1000,-1.6756156666546471,4.566824702329182,-1.601909840339571,4.71710198664712,5.390302747373129,7.025755850713478,13.277658187246507
templates,1,euclidean,log1p,inverse2,1000,-0.908283371,5.553496153940542,-0.7629314070000001,5.664253128054216,5.075791930277523,7.047989527267965,16.327675884016557
templates,1,euclidean,log1p,inverse,1000,-0.908283371,5.553496153940542,-0.7629314070000001,5.664253128054216,5.075791930277523,7.047989527267965,16.327675884016557
templates,1,euclidean,log1p,uniform,1000,-0.908283371,5.553496153940542,-0.7629314070000001,5.664253128054216,5.075791930277523,7.047989527267965,16.327675884016557
templates,24,cosine,none,inverse2,1000,1.3880684841606714,6.5621923061488525,1.551690558976171,6.930913039470241,4.75645299643725,7.051717869243845,19.82460878543981
templates,24,cosine,l1,inverse2,1000,1.3880684841606714,6.562192306148852,1.5516905589761694,6.930913039470242,4.756452996437247,7.0517178692438485,19.824608785439807
templates,32,euclidean,none,uniform,1000,-1.690100831,4.660462632708077,-1.6136891791875,4.838209373927789,5.494063654237459,7.073010331565777,12.9872271771489
templates,32,euclidean,log1p,inverse2,1000,-1.4700770805951398,4.809228844405953,-1.3287960292689118,4.943153944196626,4.954753398367028,7.076225401566273,13.444779022009195
templates,24,euclidean,l1,inverse,1000,0.09670036007647798,5.946080243037629,0.1757056312087532,6.3216211796908475,4.810808252809331,7.10680783821819,15.379490509295577
templates,12,cosine,l1,inverse,1000,1.1512397695096785,6.464225629230491,1.2895511455663906,6.939933811449228,4.760705186314842,7.120368375560102,18.724197319359828
templates,12,cosine,none,inverse,1000,1.1512397695096783,6.464225629230491,1.2895511455663913,6.939933811449228,4.760705186314837,7.120368375560104,18.724197319359835
templates,32,cosine,none,inverse2,1000,1.4409744587554167,6.616001521229362,1.5653231544462987,6.913855159541908,4.7788973594228095,7.1282005261179515,19.39385570860154
templates,32,cosine,l1,inverse2,1000,1.4409744587554172,6.616001521229361,1.5653231544462969,6.913855159541909,4.7788973594227375,7.128200526117969,19.39385570860153
templates,1,cosine,l1,uniform,1000,0.8432326390000001,6.765043536671063,1.315856273,7.390428413412903,4.581901272374619,7.140611721726294,20.1750869724054
templates,1,cosine,none,inverse,1000,0.8432326390000001,6.765043536671063,1.315856273,7.390428413412903,4.581901272374619,7.140611721726294,20.1750869724054
templates,1,cosine,l1,inverse,1000,0.8432326390000001,6.765043536671063,1.315856273,7.390428413412903,4.581901272374619,7.140611721726294,20.1750869724054
templates,1,cosine,none,uniform,1000,0.8432326390000001,6.765043536671063,1.315856273,7.390428413412903,4.581901272374619,7.140611721726294,20.1750869724054
templates,1,cosine,none,inverse2,1000,0.8432326390000001,6.765043536671063,1.315856273,7.390428413412903,4.581901272374619,7.140611721726294,20.1750869724054
templates,1,cosine,l1,inverse2,1000,0.8432326390000001,6.765043536671063,1.315856273,7.390428413412903,4.581901272374619,7.140611721726294,20.1750869724054
templates,5,cosine,sqrt,inverse2,1000,2.2587713450522937,6.609992017144281,2.314592971372712,7.07498981187675,4.399748159355264,7.151492276439593,20.13186815976432
templates,5,cosine,sqrt_l1,inverse2,1000,2.258771345052292,6.609992017144282,2.3145929713727127,7.07498981187675,4.399748159355258,7.151492276439594,20.13186815976432
templates,32,euclidean,log1p,inverse,1000,-1.4971908738417414,4.846763092661584,-1.3549468673357596,4.975374882674501,4.983361497244969,7.152187325531147,13.526451940208894
templates,3,cosine,sqrt_l1,inverse2,1000,2.181756831124624,6.755036546234692,2.3793692816339833,7.16959154004016,4.495888022314169,7.175628392385033,20.394815523390058
templates,3,cosine,sqrt,inverse2,1000,2.1817568311246243,6.755036546234692,2.379369281633982,7.1695915400401615,4.495888022314185,7.175628392385035,20.39481552339004
templates,32,euclidean,sqrt,uniform,1000,-1.8490970384999998,4.847920545976602,-1.6784620029375001,4.95147218913477,5.235703249783853,7.214497553203622,14.377694271456305
templates,3,cosine,sqrt,inverse,1000,2.186050150115329,6.765938464766228,2.3746964622864173,7.1769564811839315,4.455188949944669,7.225509402819891,20.329211674920046
templates,3,cosine,sqrt_l1,inverse,1000,2.1860501501153284,6.765938464766228,2.374696462286418,7.176956481183931,4.455188949944663,7.225509402819894,20.329211674920057
events,64,euclidean,l1,inverse,1000,2.4520074638854923,6.635821277788409,2.6522202653190057,7.001829502289674,4.45103373553151,7.227542554104047,20.78782505441235
templates,5,cosine,sqrt_l1,inverse,1000,2.2534274185391094,6.629109477961498,2.2945303153842262,7.0944616575744766,4.426329695999896,7.230966137875128,20.097685117928435
templates,5,cosine,sqrt,inverse,1000,2.2534274185391103,6.629109477961498,2.2945303153842262,7.094461657574477,4.42632969599989,7.230966137875129,20.09768511792843
templates,32,euclidean,log1p,uniform,1000,-1.5236236681874997,4.88514166471325,-1.380829477625,5.008522735279602,5.064683867172125,7.274772121969735,13.612159209691782
templates,3,cosine,sqrt,uniform,1000,2.1896979789999995,6.778371967737522,2.370402026333333,7.1851257266991055,4.560163934246086,7.276221208958964,20.34462975577171
templates,3,cosine,sqrt_l1,uniform,1000,2.1896979789999995,6.778371967737522,2.370402026333333,7.1851257266991055,4.560163934246086,7.276221208958964,20.34462975577171
templates,5,cosine,sqrt_l1,uniform,1000,2.2468697470000007,6.650754887348567,2.2728264270000005,7.116706674761712,4.500150228902049,7.279241516785343,20.06425545353143
templates,5,cosine,sqrt,uniform,1000,2.2468697470000007,6.650754887348567,2.2728264270000005,7.116706674761712,4.500150228902049,7.279241516785343,20.06425545353143
templates,5,euclidean,sqrt_l1,inverse2,1000,2.304984455854356,6.550378580399113,2.3906258006812515,7.090349953167708,4.523587509719027,7.296071321317548,20.270307171573315
templates,5,euclidean,sqrt_l1,uniform,1000,2.2923242430000004,6.56536589878118,2.3643415130000003,7.11140204365979,4.566335817368469,7.303212481356047,20.24342605766074
templates,5,euclidean,sqrt_l1,inverse,1000,2.298709117353177,6.5575823229057795,2.37756554856405,7.100587828692206,4.549560430621857,7.306097067522097,20.261267089044104
templates,48,cosine,none,inverse2,1000,1.493270725563007,6.774990901219272,1.582450827338072,6.9724299034630635,5.0131134939074204,7.31225488912559,19.854100544405714
templates,48,cosine,l1,inverse2,1000,1.493270725563007,6.7749909012192715,1.5824508273380704,6.972429903463064,5.013113493907427,7.312254889125628,19.85410054440571
events,64,euclidean,l1,uniform,1000,2.4191337924375,6.691887798762702,2.6155735434687504,7.060225495610904,4.526221251823728,7.316091901801675,20.790036017137837
templates,8,cosine,sqrt,inverse2,1000,2.2184905735240874,6.620760926461736,2.238176293725402,7.0675127517510825,4.47810792529755,7.337416007775713,18.625214160371797
templates,8,cosine,sqrt_l1,inverse2,1000,2.2184905735240865,6.620760926461736,2.238176293725402,7.067512751751082,4.4781079252975395,7.337416007775723,18.625214160371797
templates,48,euclidean,l1,inverse2,1000,-0.12768877866491773,6.064405687290631,-0.06570318211085435,6.342777965893522,4.9700613835867395,7.344349964715724,15.713302695516914
templates,8,euclidean,sqrt_l1,inverse2,1000,2.2489956863279157,6.621536679212324,2.31141400907653,7.039181963539253,4.633172694573389,7.363542351247695,19.027557017192837
templates,8,cosine,sqrt_l1,inverse,1000,2.1973619735636083,6.651672700518735,2.2043217904192187,7.097126797511779,4.578926811514796,7.383169694246002,18.74145525268034
templates,8,cosine,sqrt,inverse,1000,2.197361973563609,6.651672700518735,2.2043217904192187,7.097126797511779,4.5789268115148065,7.3831696942460034,18.741455252680332
templates,8,euclidean,sqrt_l1,inverse,1000,2.232101874015655,6.63726197474899,2.2939800561053847,7.054011642403182,4.697685391702171,7.410772973388749,19.0138644834665
templates,3,euclidean,sqrt_l1,inverse2,1000,2.3577319196946473,6.803257296096358,2.5255402028961638,7.135674496749222,4.7395518010747,7.434282973426077,21.121437915066263
templates,8,cosine,l1,uniform,1000,1.0117939352500003,6.579049617421988,1.1397205417500003,7.0507371102969625,4.943644133815175,7.439219854841821,18.65089525328751
templates,8,cosine,none,uniform,1000,1.0117939352500003,6.579049617421988,1.1397205417500003,7.0507371102969625,4.943644133815175,7.439219854841821,18.65089525328751
templates,3,euclidean,sqrt_l1,uniform,1000,2.359394985666667,6.81292237648008,2.5188868030000005,7.144090598267149,4.749779427229807,7.469803257740554,21.066135341701354
templates,8,euclidean,sqrt_l1,uniform,1000,2.215203089,6.653726579568915,2.27722055425,7.069301876758038,4.7465662547258045,7.476206288082164,19.000233439320365
templates,3,euclidean,sqrt_l1,inverse,1000,2.3586236059633556,6.807914880179684,2.5221148240616857,7.139791292000344,4.760642195994636,7.48499938123198,21.09725592074669
templates,16,cosine,l1,inverse,1000,1.1388719404692884,6.6136784383610925,1.2686096862839877,7.04413549449576,4.962167840327522,7.511149808178987,19.282902995851398
templates,16,cosine,none,inverse,1000,1.1388719404692882,6.613678438361093,1.2686096862839886,7.044135494495759,4.962167840327513,7.511149808178994,19.282902995851394
templates,64,cosine,none,inverse2,1000,1.5473962398598236,6.866291865060932,1.605549059854498,6.996562607733088,5.089068296072298,7.521568420643137,20.02320379514103
templates,64,cosine,l1,inverse2,1000,1.5473962398598236,6.866291865060931,1.6055490598544961,6.99656260773309,5.089068296072313,7.521568420643222,20.023203795141026
templates,1,cosine,sqrt,inverse2,1000,1.9432332390000002,7.359123720750163,2.249189753,7.593327738710203,4.604777509632427,7.524872460078186,22.01126294798687
templates,1,cosine,sqrt_l1,inverse2,1000,1.9432332390000002,7.359123720750163,2.249189753,7.593327738710203,4.604777509632427,7.524872460078186,22.01126294798687
templates,1,cosine,sqrt_l1,uniform,1000,1.9432332390000002,7.359123720750163,2.249189753,7.593327738710203,4.604777509632427,7.524872460078186,22.01126294798687
templates,1,cosine,sqrt,inverse,1000,1.9432332390000002,7.359123720750163,2.249189753,7.593327738710203,4.604777509632427,7.524872460078186,22.01126294798687
templates,1,cosine,sqrt,uniform,1000,1.9432332390000002,7.359123720750163,2.249189753,7.593327738710203,4.604777509632427,7.524872460078186,22.01126294798687
templates,1,cosine,sqrt_l1,inverse,1000,1.9432332390000002,7.359123720750163,2.249189753,7.593327738710203,4.604777509632427,7.524872460078186,22.01126294798687
templates,48,euclidean,sqrt,inverse2,1000,-1.9607910506133353,4.959251260561138,-1.8118439959685388,5.0373006350552005,5.483086827191549,7.524940408490981,14.368032820015243
templates,32,euclidean,l1,inverse,1000,-0.1515310152788669,6.135445017397799,-0.07170108797551936,6.5310669586887755,5.2573263188530515,7.535574360610768,16.10501315554767
templates,12,cosine,sqrt_l1,inverse2,1000,2.1677186153245316,6.762405701967554,2.2816807710900053,7.099761528561078,4.643274448514315,7.541363693023162,19.43310234015678
templates,12,cosine,sqrt,inverse2,1000,2.1677186153245334,6.762405701967554,2.2816807710900058,7.099761528561078,4.643274448514344,7.541363693023185,19.43310234015677
templates,8,cosine,sqrt,uniform,1000,2.175051604,6.685602762444727,2.17002365925,7.130362768175468,4.7102687024461645,7.5837500367025275,18.918873935512547
templates,8,cosine,sqrt_l1,uniform,1000,2.175051604,6.685602762444727,2.17002365925,7.130362768175468,4.7102687024461645,7.5837500367025275,18.918873935512547
templates,16,cosine,sqrt,inverse2,1000,2.1214458042151443,6.821060467177543,2.2425611758776034,7.137392037195029,4.729435429453748,7.627564748963117,19.22031449891726
templates,16,cosine,sqrt_l1,inverse2,1000,2.121445804215143,6.821060467177543,2.242561175877603,7.137392037195028,4.729435429453762,7.627564748963117,19.22031449891726
templates,64,euclidean,none,inverse2,1000,-2.041009817495181,4.869747856049433,-1.9819327300282752,4.950817975601517,6.045199036708894,7.63857813925852,13.639698072995541
templates,12,euclidean,sqrt_l1,inverse2,1000,2.1499137136477655,6.697781631777885,2.2685967089554127,7.08051230017676,4.7325665284687375,7.649054649179534,19.357820003803944
templates,24,euclidean,l1,uniform,1000,-0.10638764808333302,6.193293915519876,-0.016592535333333217,6.551413008963941,5.253812766220291,7.658955499652243,16.113162457686077
templates,48,euclidean,none,inverse,1000,-2.0080257860105837,4.886047793288786,-1.9515472476367302,5.014098606790503,6.121885263695676,7.672887348175598,13.487390065367842
templates,16,euclidean,sqrt_l1,inverse2,1000,2.0723835993515056,6.7818591072166186,2.1951463375694376,7.116174032913065,4.935254142274459,7.684120056634225,19.269687868797764
templates,12,euclidean,sqrt_l1,inverse,1000,2.1167278199444928,6.726695199934534,2.2440283539159145,7.103504817519292,4.77599447699774,7.701301335777575,19.355588762368345
templates,12,cosine,l1,uniform,1000,0.9460114048333332,6.696604410680445,1.0610591063333332,7.164368388840062,5.198635913259863,7.705034726491651,18.8687895136637
templates,12,cosine,none,uniform,1000,0.9460114048333332,6.696604410680445,1.0610591063333332,7.164368388840062,5.198635913259863,7.705034726491651,18.8687895136637
templates,12,euclidean,sqrt_l1,uniform,1000,2.0838901731666666,6.756900605681404,2.2209074355,7.126841168712433,4.9128249471674685,7.744170860667537,19.353750854220973
templates,16,euclidean,sqrt_l1,inverse,1000,2.0238953182337722,6.825502668564951,2.1523816041599058,7.154206574371038,5.088861559417393,7.800393181026966,19.2792517587289
events,1,euclidean,log1p,inverse,1000,-0.08403990099999994,6.5755320994656214,0.061311162999999946,6.73616375216596,5.567437099074588,7.840497415689965,18.81206194591688
events,1,euclidean,log1p,inverse2,1000,-0.08403990099999994,6.5755320994656214,0.061311162999999946,6.73616375216596,5.567437099074588,7.840497415689965,18.81206194591688
events,1,euclidean,log1p,uniform,1000,-0.08403990099999994,6.5755320994656214,0.061311162999999946,6.73616375216596,5.567437099074588,7.840497415689965,18.81206194591688
templates,16,cosine,sqrt,inverse,1000,2.0344944728119723,6.907885828637567,2.1683627907974223,7.209364912278159,5.001785388321553,7.84200537301806,19.243196066561374
templates,16,cosine,sqrt_l1,inverse,1000,2.034494472811972,6.907885828637567,2.1683627907974223,7.20936491227816,5.0017853883215535,7.842005373018065,19.24319606656138
templates,48,euclidean,log1p,inverse2,1000,-1.6620650921412323,5.123252182134632,-1.559224446088253,5.208088532697142,5.5585744031401765,7.845609891336821,14.328486986002702
templates,1,euclidean,sqrt_l1,uniform,1000,2.088687729,7.28453120222431,2.485553443,7.648558990347928,4.751600408981931,7.8504023690362885,22.01126294798687
templates,1,euclidean,sqrt_l1,inverse,1000,2.088687729,7.28453120222431,2.485553443,7.648558990347928,4.751600408981931,7.8504023690362885,22.01126294798687
templates,1,euclidean,sqrt_l1,inverse2,1000,2.088687729,7.28453120222431,2.485553443,7.648558990347928,4.751600408981931,7.8504023690362885,22.01126294798687
templates,12,cosine,sqrt_l1,inverse,1000,2.111570135591126,6.823919446083693,2.2371310631607986,7.149378058114217,4.8196098522330395,7.852167306628098,19.455389293148166
templates,12,cosine,sqrt,inverse,1000,2.1115701355911267,6.823919446083693,2.2371310631607986,7.149378058114217,4.819609852233036,7.852167306628101,19.455389293148162
templates,48,euclidean,sqrt,inverse,1000,-2.1094717237679386,5.1009124959271075,-1.9588126633439857,5.169454800211695,5.7888352274494235,7.863280302819945,14.425006873595057
templates,64,euclidean,l1,inverse2,1000,-0.37703069142238577,6.28157854459298,-0.34146412696905865,6.522402803760652,5.167453702726283,7.88138174432714,16.363971993652505
templates,12,cosine,sqrt_l1,uniform,1000,2.0508094056666666,6.894970291757223,2.1931297255,7.205475678432976,4.990544987681797,7.890550543543483,19.47779347940909
templates,12,cosine,sqrt,uniform,1000,2.0508094056666666,6.894970291757223,2.1931297255,7.205475678432976,4.990544987681797,7.890550543543483,19.47779347940909
events,5,euclidean,sqrt_l1,inverse2,1000,3.5083315404132884,7.318791992860632,3.527271787393187,7.137308812091336,4.92163081955872,7.918542367701582,23.064247863606823
events,1,euclidean,l1,inverse2,1000,2.3795969990000003,7.495470789782031,2.518887253,7.818796909805461,4.946490979174808,7.923877295939119,22.571328709561797
events,1,euclidean,l1,inverse,1000,2.3795969990000003,7.495470789782031,2.518887253,7.818796909805461,4.946490979174808,7.923877295939119,22.571328709561797
events,1,euclidean,l1,uniform,1000,2.3795969990000003,7.495470789782031,2.518887253,7.818796909805461,4.946490979174808,7.923877295939119,22.571328709561797
templates,48,euclidean,log1p,inverse,1000,-1.71674079891242,5.199139676463793,-1.6136934712617998,5.275625768197157,5.682417878587135,7.932329288805582,14.362877400114643
templates,24,euclidean,sqrt_l1,inverse2,1000,1.9844840740802794,6.94710491526212,2.043805867522485,7.237730188712458,5.036973774483348,7.936726143215143,19.860268788810277
templates,24,cosine,none,inverse,1000,1.0565876684925342,6.87169937411764,1.2153847437688756,7.2129636303043565,5.408095562782226,7.946508924675625,19.851479079784326
templates,24,cosine,l1,inverse,1000,1.0565876684925346,6.8716993741176395,1.2153847437688756,7.2129636303043565,5.408095562782233,7.946508924675631,19.85147907978432
templates,16,euclidean,sqrt_l1,uniform,1000,1.9767564996250002,6.87058006149183,2.1107434130000002,7.193541316604292,5.299373439276626,7.950703446852931,19.26135728286569
events,5,euclidean,sqrt_l1,inverse,1000,3.5181586609043034,7.339788190089379,3.533912415338593,7.147233688630817,4.920345268356357,7.990981243014976,23.17678462977335
events,5,euclidean,sqrt_l1,uniform,1000,3.5280826610000005,7.361553393913904,3.5407058050000004,7.158167177726044,4.894758624704875,8.007172379502755,23.22922578109776
events,12,euclidean,sqrt_l1,inverse2,1000,3.6595917619281773,7.212263725606587,3.7664422888019136,7.410320935097352,4.949118381637161,8.02249928934976,22.999984788939223
templates,24,cosine,sqrt,inverse2,1000,2.1436235470528753,6.999141036057786,2.2090301597105473,7.307953477451659,4.931098561829783,8.02463749302844,20.326940011829635
templates,24,cosine,sqrt_l1,inverse2,1000,2.1436235470528735,6.999141036057787,2.2090301597105464,7.307953477451659,4.931098561829765,8.024637493028461,20.32694001182963
events,12,euclidean,sqrt_l1,inverse,1000,3.6692147678246445,7.228145896843233,3.7754946671805882,7.426583193587307,4.935367405315067,8.03946050576596,23.4566833538489
events,8,euclidean,sqrt_l1,inverse2,1000,3.5685106435968375,7.157969067153267,3.6080794887663568,7.296900297910796,4.8437078504043765,8.06759318638164,23.764491255077242
events,12,euclidean,sqrt_l1,uniform,1000,3.6783351531666666,7.243830596181629,3.7842918954999996,7.442824306814079,4.931585571680628,8.076869619466665,23.49858514989534
templates,32,euclidean,l1,uniform,1000,-0.41670957537500003,6.466801506220623,-0.33755201418749986,6.862846425576875,5.602824716466781,8.082293006037458,16.866163632106943
events,3,euclidean,sqrt_l1,uniform,1000,3.207880379,7.2944348469214955,3.3148470829999996,7.374978800354425,4.865580968919007,8.101496135316927,23.03409713749748
templates,32,cosine,sqrt,inverse2,1000,2.124326451626761,7.133612923151012,2.1838902288777358,7.3470562534724415,5.173282540700461,8.110619648745082,20.27724309381018
templates,32,cosine,sqrt_l1,inverse2,1000,2.124326451626759,7.133612923151013,2.183890228877735,7.3470562534724415,5.173282540700456,8.110619648745086,20.27724309381018
events,5,cosine,none,inverse2,1000,2.8615167439090503,6.873918555022221,3.144596817888595,7.224696695239441,4.88834092219642,8.115152812456898,21.819263152510022
events,5,cosine,l1,inverse2,1000,2.8635896447546294,6.880532031009573,3.1471879332572064,7.227493132307281,4.888340922196401,8.115152812456904,21.81926315251002
events,5,cosine,l1,inverse,1000,2.875694024590023,6.906275265450754,3.171269617568143,7.256335539946699,4.925733568725082,8.119251862156327,22.01375129354387
events,5,cosine,none,inverse,1000,2.873447781461663,6.899100048152365,3.1684618252398478,7.253317563425952,4.92573356872507,8.11925186215635,22.013751293543873
events,8,euclidean,sqrt_l1,uniform,1000,3.58641588025,7.186186495081646,3.6196453092499996,7.326181387483264,4.872713197628447,8.120175907101483,23.862856358242677
events,3,euclidean,sqrt_l1,inverse,1000,3.207634251219339,7.275376948634046,3.3156352260000697,7.3641452334580055,4.867274871914326,8.124893330990703,23.07241837280821
templates,24,euclidean,sqrt_l1,inverse,1000,1.9080799383965485,7.021303862709292,1.9695530111887292,7.3068893610825025,5.3065962471157215,8.124906894732916,19.89948305117776
events,8,euclidean,sqrt_l1,inverse,1000,3.5776192411288603,7.172061041205445,3.613897255955253,7.311338759269642,4.838029146394745,8.137968876322565,23.81811845308115
events,3,euclidean,sqrt_l1,inverse2,1000,3.207496805184592,7.257957234072852,3.3166051912788728,7.354492676104533,4.839166763599616,8.15487278492306,23.159918096942793
events,16,euclidean,sqrt_l1,inverse,1000,3.722006976706195,7.289196955476611,3.8567704810869707,7.542438585569727,4.85569428952236,8.160029593285026,24.56638332452651
events,16,euclidean,sqrt_l1,uniform,1000,3.7309235515,7.30537038285054,3.865289454875,7.56003283116823,4.854385082929944,8.161394036701187,24.600239483239577
templates,16,cosine,sqrt,uniform,1000,1.9419080558750001,7.00791960012836,2.09161467675,7.292404542202098,5.388138198046857,8.164743550833546,19.303520262384087
templates,16,cosine,sqrt_l1,uniform,1000,1.9419080558750001,7.00791960012836,2.09161467675,7.292404542202098,5.388138198046857,8.164743550833546,19.303520262384087
templates,48,euclidean,log1p,uniform,1000,-1.7710984003749999,5.278083352178825,-1.6679823534583333,5.346019742341901,5.87080844335115,8.172142171735498,14.517474860999092
events,16,euclidean,sqrt_l1,inverse2,1000,3.712573786546347,7.272617560112541,3.8479294728096693,7.524589261631171,4.8466284731080345,8.196916715419567,24.533854296533633
events,5,cosine,none,uniform,1000,2.883233663,6.9309769327028805,3.1916148070000006,7.2879321938758865,4.960267139168449,8.21220224728871,22.10872114196412
events,5,cosine,l1,uniform,1000,2.885657913,6.938719977108594,3.1946451070000004,7.291174547363875,4.960267139168449,8.21220224728871,22.10872114196412
templates,16,cosine,none,uniform,1000,0.8718322921249999,6.9385554825286775,0.9783571548750001,7.366266762474552,5.683351203794251,8.248929911634855,19.32981466300413
templates,16,cosine,l1,uniform,1000,0.8718322921249999,6.9385554825286775,0.9783571548750001,7.366266762474552,5.683351203794251,8.248929911634855,19.32981466300413
templates,24,euclidean,sqrt_l1,uniform,1000,1.8354056569166664,7.096723195722696,1.8981804304999996,7.377482933765044,5.457934652436313,8.257019746378862,19.9256569118788
events,8,cosine,none,inverse2,1000,3.0315578148292563,6.864108383499737,3.261964658982871,7.328056150876883,4.960574808012543,8.268828685878228,21.775710137416755
events,8,cosine,l1,inverse2,1000,3.031557814829258,6.864108383499737,3.2619646589828717,7.328056150876882,4.96057480801257,8.268828685878232,21.775710137416763
events,32,euclidean,sqrt_l1,inverse2,1000,3.9218481988189295,7.585339120535827,4.0971415383763246,7.794283896206112,4.984976008972913,8.277896208712974,26.689973055140605
templates,64,euclidean,sqrt,inverse2,1000,-2.2079540950098675,5.246842989619777,-2.114590324184308,5.272827940772571,6.115872719282332,8.279672715552955,14.942807821061713
events,24,euclidean,sqrt_l1,inverse2,1000,3.8372739860250995,7.4710760499324875,4.010941547286196,7.668082567702826,5.004744124928407,8.288883378674495,26.06039372441444
templates,48,euclidean,l1,inverse,1000,-0.5630853206367638,6.587583581867908,-0.5122034775695349,6.836395048375083,5.646474657905893,8.292474719723117,17.45212573488377
templates,48,euclidean,sqrt,uniform,1000,-2.250517502041667,5.254433908637206,-2.100305551375,5.312417808394472,6.1809971987115855,8.29553756178722,14.534268107997093
events,3,cosine,l1,inverse2,1000,2.8258542165505367,6.9628064912617065,3.0249523172424513,7.376039233956834,5.067894520351514,8.313425426188424,22.26920187593514
events,3,cosine,none,inverse2,1000,2.8258542165505336,6.9628064912617065,3.0249523172424504,7.376039233956834,5.067894520351623,8.31342542618843,22.269201875935146
templates,24,cosine,sqrt_l1,inverse,1000,2.0102789017355707,7.141969225707033,2.0788837220632024,7.439572280087329,5.266193163615226,8.31930613005633,20.36564887433718
templates,24,cosine,sqrt,inverse,1000,2.0102789017355716,7.141969225707033,2.0788837220632033,7.439572280087329,5.266193163615241,8.319306130056335,20.36564887433718
templates,32,euclidean,sqrt_l1,inverse2,1000,1.854841289695775,7.061467000737619,1.9194824605853078,7.287281250887581,5.409095768501176,8.325988610488468,19.810300618101206
events,32,euclidean,sqrt_l1,inverse,1000,3.9316028082820287,7.6082961991704385,4.108664529298919,7.816427442723138,5.031640011793309,8.330126917859612,26.81955710920364
templates,5,cosine,log1p,uniform,1000,1.9292932810000003,7.5951440548882445,2.0891897370000003,8.201461917057507,5.390795523086897,8.332200566502554,22.99471658426429
templates,48,cosine,sqrt,inverse2,1000,2.045571461305278,7.304637397061632,2.0710773019081388,7.435230215531666,5.437926399889411,8.339349834925082,20.95723452388735
templates,48,cosine,sqrt_l1,inverse2,1000,2.0455714613052756,7.304637397061632,2.071077301908138,7.435230215531666,5.4379263998894025,8.339349834925086,20.957234523887355
events,24,euclidean,sqrt_l1,inverse,1000,3.8474611435525397,7.492488585816221,4.022584077610402,7.688487921064485,5.0196682272682445,8.349724081639108,26.394267420227354
templates,32,cosine,none,inverse,1000,1.0163588160265284,7.023940061835946,1.129463300569159,7.2909146529553785,5.731439637885343,8.356651938944907,19.1639085140224
templates,32,cosine,l1,inverse,1000,1.0163588160265282,7.023940061835945,1.1294633005691586,7.2909146529553785,5.731439637885312,8.356651938944978,19.16390851402239
templates,5,cosine,log1p,inverse,1000,1.9198744068766804,7.582745140249521,2.086427583359087,8.180325427708878,5.3607461645956604,8.357193568189254,23.05926435439825
events,8,cosine,l1,inverse,1000,3.05225310464222,6.894642810381248,3.286336111797191,7.368438039970092,5.018251626562762,8.359238394361874,21.91390231936144
events,8,cosine,none,inverse,1000,3.05225310464222,6.894642810381248,3.28633611179719,7.368438039970092,5.0182516265627655,8.359238394361888,21.91390231936144
templates,5,cosine,log1p,inverse2,1000,1.9096075487440256,7.572247474786138,2.083243034472211,8.160164297346546,5.352807337267787,8.360266486942933,23.11578108545466
events,32,euclidean,sqrt_l1,uniform,1000,3.940677557125,7.63022093773921,4.119645768625,7.837725688427777,5.054589691774132,8.376247143663058,26.924603833183912
templates,8,cosine,log1p,inverse,1000,2.0120052696824313,7.539117755877075,2.1430897993099953,8.12760000100148,5.603811423815662,8.383848432237118,23.869230082648823
templates,8,cosine,log1p,uniform,1000,2.0159601465,7.5530869712271,2.1472958642499997,8.148087960470468,5.735359971032349,8.390099403969758,23.996218055990212
events,48,euclidean,sqrt_l1,inverse2,1000,4.051378362639754,7.78459677117293,4.1860318676157675,7.950000980515393,5.082733914476317,8.401838332849804,27.71854890081109
events,24,euclidean,sqrt_l1,uniform,1000,3.856996896916667,7.513153653037878,4.0337870442499995,7.7083322401244825,5.058013263471107,8.417292472620607,26.45845721802834
templates,48,euclidean,none,uniform,1000,-2.2945832480833332,5.217912231503004,-2.2652044840833336,5.3206156417627435,6.686067476930113,8.423590526466535,14.19946361020481
templates,12,cosine,log1p,inverse,1000,1.989482264310894,7.546188275540262,2.227496492033747,8.113005261607976,5.7128502999629855,8.426795467722785,22.90900499854265
events,3,cosine,l1,inverse,1000,2.8395048614131295,6.979928160773135,3.0397453397523355,7.397403658003322,4.987217663194215,8.437966441038729,22.257604096839874
events,3,cosine,none,inverse,1000,2.839504861413128,6.979928160773135,3.039745339752335,7.397403658003322,4.987217663194212,8.437966441038736,22.257604096839877
events,48,euclidean,sqrt_l1,inverse,1000,4.061524502757532,7.810711504171347,4.194866294582501,7.974852216259336,5.118634287303461,8.441692727517387,27.87561292582688
templates,12,cosine,log1p,inverse2,1000,1.994374955613692,7.52299668464188,2.2204887951347776,8.091786450304538,5.702657573713579,8.446134641263882,22.874650548805093
templates,3,cosine,log1p,uniform,1000,1.8240405456666664,7.744608372013206,2.007775413,8.153156473184806,5.389409387711682,8.447909187672629,23.044070372013888
events,8,cosine,none,uniform,1000,3.0701277452499998,6.928704203379758,3.3090391055,7.4120523274217565,5.064744312036022,8.4549542875664,22.032563885355774
events,8,cosine,l1,uniform,1000,3.0701277452499998,6.928704203379758,3.3090391055,7.4120523274217565,5.064744312036022,8.4549542875664,22.032563885355774
events,3,cosine,none,uniform,1000,2.8533346190000004,7.0060613365850894,3.0552511363333332,7.427445175769241,4.998328662650656,8.460671404595878,22.253105761739764
events,3,cosine,l1,uniform,1000,2.8533346190000004,7.0060613365850894,3.0552511363333332,7.427445175769241,4.998328662650656,8.460671404595878,22.253105761739764
templates,64,euclidean,log1p,inverse2,1000,-1.8243776811019428,5.422036872430052,-1.7290341299133547,5.445430767148661,5.964642795902189,8.471801898410492,14.909928328864643
templates,12,cosine,log1p,uniform,1000,1.9833844564999998,7.570920813070439,2.234290918,8.13440980181311,5.8213694132419995,8.478213009858061,22.90239023392532
events,48,euclidean,sqrt_l1,uniform,1000,4.071012308375,7.835363416149697,4.203042348,7.998575226986151,5.171946434966981,8.480453953219188,28.011848153688263
events,12,cosine,none,inverse2,1000,3.0560650207096804,6.885532782470679,3.3146792005004517,7.3500315377975785,5.005091218658494,8.487272828192408,21.900058810024525
events,12,cosine,l1,inverse2,1000,3.0560650207096822,6.885532782470679,3.3146792005004526,7.350031537797578,5.0050912186584835,8.487272828192408,21.900058810024504
templates,64,cosine,sqrt,inverse2,1000,2.0007442250897727,7.396050666477368,2.0165873459040538,7.5851971560645,5.555686703470643,8.493593023271442,21.18659897696631
templates,64,cosine,sqrt_l1,inverse2,1000,2.00074422508977,7.396050666477368,2.0165873459040524,7.585197156064501,5.555686703470638,8.493593023271462,21.186598976966305
templates,8,cosine,log1p,inverse2,1000,2.006924628314502,7.5264337322711565,2.1385170858969897,8.107339553235402,5.573715609909495,8.497800928928841,23.859381690621323
templates,3,cosine,log1p,inverse,1000,1.8115665100732685,7.740600514548144,2.0019651011093322,8.13917671818587,5.356261148352175,8.504546461373478,23.037308738601894
templates,3,cosine,log1p,inverse2,1000,1.799031727880203,7.738990295235122,1.9959811654019637,8.126977823767842,5.360891345166724,8.531893547944916,23.010943538228094
templates,16,cosine,log1p,inverse2,1000,2.0396815854639243,7.649827492269456,2.23768642710714,8.111807868770724,5.884295450045953,8.564334071069883,23.57347285039143
events,12,cosine,none,inverse,1000,3.0742992227719808,6.927922351768659,3.331495471743289,7.393347631626316,5.019024574770455,8.595302375931148,22.02135037516084
events,12,cosine,l1,inverse,1000,3.0742992227719816,6.927922351768659,3.33149547174329,7.393347631626317,5.019024574770453,8.595302375931155,22.02135037516085
templates,16,cosine,log1p,inverse,1000,2.0304467610252663,7.684911579733204,2.238465174318073,8.141820840421147,5.913005329218901,8.636343623165692,23.64303388583376
templates,32,euclidean,sqrt_l1,inverse,1000,1.7453336975893619,7.1763475722037064,1.815449963002091,7.388571244240542,5.580737648383371,8.658562051561498,19.904162018467243
templates,32,cosine,sqrt,inverse,1000,1.9357898815955454,7.33817584686503,2.003389131978951,7.535164501754691,5.7129634015451245,8.697368348773688,20.37633208005995
templates,32,cosine,sqrt_l1,inverse,1000,1.9357898815955445,7.338175846865031,2.0033891319789507,7.535164501754691,5.712963401545121,8.69736834877369,20.37633208005995
templates,64,euclidean,log1p,inverse,1000,-1.90980875031029,5.545304313901484,-1.8146600844360545,5.554057473014576,6.19842474401708,8.698538484757004,15.275068585745982
templates,24,cosine,sqrt_l1,uniform,1000,1.8713905502500001,7.307341063707712,1.94262496675,7.593363503016586,5.618084409892541,8.720809367120818,20.48167795928346
templates,24,cosine,sqrt,uniform,1000,1.8713905502500001,7.307341063707712,1.94262496675,7.593363503016586,5.618084409892541,8.720809367120818,20.48167795928346
events,12,cosine,l1,uniform,1000,3.089698478166667,6.970410270762906,3.3454028263333337,7.437603454872611,5.027060803395157,8.724871940836952,22.18372042922763
events,12,cosine,none,uniform,1000,3.089698478166667,6.970410270762906,3.3454028263333337,7.437603454872611,5.027060803395157,8.724871940836952,22.18372042922763
templates,16,cosine,log1p,uniform,1000,2.0205058965,7.721229830057046,2.2385839104999996,8.172422309019574,5.965666362602397,8.725378256914896,23.823410204496877
templates,64,euclidean,none,inverse,1000,-2.491825038040373,5.339367686793182,-2.4620903429820578,5.383601141564449,7.010445670532602,8.730168556351298,14.280094682731626
events,5,cosine,sqrt_l1,inverse2,1000,3.5663880411318067,7.329883024206917,3.6810172282856275,7.29595918374435,5.287778372845745,8.734447845099682,23.408731718100867
events,5,cosine,sqrt,inverse2,1000,3.566388041131807,7.329883024206916,3.6810172282856266,7.295959183744349,5.287778372845734,8.734447845099691,23.40873171810086
events,5,cosine,sqrt_l1,uniform,1000,3.6062642190000007,7.419964025359179,3.7261601630000003,7.356139611110935,5.281001926838171,8.765225075654996,23.789159118360658
events,5,cosine,sqrt,uniform,1000,3.6062642190000007,7.419964025359179,3.7261601630000003,7.356139611110935,5.281001926838171,8.765225075654996,23.789159118360658
events,5,cosine,sqrt_l1,inverse,1000,3.586309847099753,7.373451336101149,3.7034780974335755,7.324103757686759,5.275379374755435,8.783927383261052,24.065062155849905
events,5,cosine,sqrt,inverse,1000,3.586309847099754,7.373451336101149,3.7034780974335755,7.324103757686759,5.275379374755439,8.783927383261053,24.0650621558499
events,16,cosine,none,inverse,1000,3.139427768474792,7.024580013379155,3.3948749505966465,7.3962928141717095,4.981314401181772,8.78972014865968,22.866179629706448
events,16,cosine,l1,inverse,1000,3.1394277684747927,7.024580013379155,3.394874950596647,7.3962928141717095,4.981314401181761,8.789720148659685,22.866179629706444
events,64,euclidean,sqrt_l1,inverse,1000,4.126710099897899,7.969328186073556,4.233528605606554,8.082095312019275,5.172882265721297,8.802689366272267,28.396742481428387
events,16,cosine,none,uniform,1000,3.1540293965,7.0732619012641,3.4056301405000005,7.441785393277578,5.00383198869786,8.806958536606853,22.863150364847293
events,16,cosine,l1,uniform,1000,3.1540293965,7.0732619012641,3.4056301405000005,7.441785393277578,5.00383198869786,8.806958536606853,22.863150364847293
events,16,cosine,none,inverse2,1000,3.1216042690109034,6.974367777148947,3.380689330219426,7.3514388044858965,4.96164473092842,8.818483514030781,22.882854619532438
events,16,cosine,l1,inverse2,1000,3.1216042690109047,6.974367777148947,3.3806893302194267,7.3514388044858965,4.961644730928414,8.818483514030843,22.882854619532445
events,64,euclidean,sqrt_l1,inverse2,1000,4.118810438315274,7.94001957718114,4.227756891931114,8.055248834140137,5.1338876478080255,8.820267159874966,28.259178125873376
templates,64,euclidean,sqrt,inverse,1000,-2.419825647313943,5.466145335468241,-2.328643900653685,5.472448040009314,6.548319099457858,8.822455731953436,15.073792930511612
events,64,euclidean,sqrt_l1,uniform,1000,4.133906982750001,7.996953975770771,4.2387274305,8.10757494597806,5.241950448211561,8.847951926915886,28.515990909175112
templates,48,euclidean,sqrt_l1,inverse2,1000,1.6010254721650286,7.2686961949893645,1.6277404293092217,7.474119568394814,5.9438036778542305,8.85219887536008,20.476582302999955
events,24,cosine,none,inverse2,1000,3.2446192210783433,7.07938870744797,3.4778238443010014,7.431033366056851,5.021734272606022,8.89992646695886,22.83445117838074
events,24,cosine,l1,inverse2,1000,3.2446192210783456,7.079388707447971,3.4778238443010014,7.431033366056851,5.021734272606041,8.899926466958863,22.83445117838077
events,8,cosine,sqrt_l1,inverse2,1000,3.658260562414716,7.255990936378587,3.7891463706800477,7.403544682985155,5.26488811781838,8.92441914570633,23.524826112044178
events,8,cosine,sqrt,inverse2,1000,3.6582605624147155,7.255990936378587,3.7891463706800477,7.403544682985154,5.264888117818392,8.924419145706338,23.524826112044167
events,3,cosine,sqrt,inverse2,1000,3.4220106398098933,7.184041045572496,3.41119624850015,7.344775540400722,5.336687357379752,8.938275491179427,21.986288216181794
events,3,cosine,sqrt_l1,inverse2,1000,3.4220106398098933,7.184041045572496,3.4111962485001506,7.344775540400722,5.33668735737978,8.938275491179429,21.986288216181794
templates,64,euclidean,log1p,uniform,1000,-1.9950251849062501,5.674189209804421,-1.9003845380937499,5.667980038364861,6.435759063773983,8.970268479973763,15.460698807367647
events,3,cosine,sqrt_l1,inverse,1000,3.4313225700131014,7.212432732437219,3.410757727315767,7.362107927488523,5.376513736253916,8.974961116370359,22.0302894433372
events,3,cosine,sqrt,inverse,1000,3.4313225700131014,7.212432732437219,3.410757727315767,7.362107927488523,5.376513736253898,8.97496111637036,22.03028944333719
events,8,cosine,sqrt_l1,inverse,1000,3.680480485386108,7.292616643667313,3.8098577311464816,7.433088752570045,5.279166849990357,9.003284999243327,23.64017463310765
events,8,cosine,sqrt,inverse,1000,3.680480485386108,7.292616643667313,3.8098577311464816,7.433088752570044,5.27916684999035,9.003284999243334,23.640174633107648
templates,24,cosine,l1,uniform,1000,0.6072492006666673,7.453310020194745,0.7792412213333336,7.756050538204858,6.295064464505419,9.036540290427295,19.855950234728397
templates,24,cosine,none,uniform,1000,0.6072492006666673,7.453310020194745,0.7792412213333336,7.756050538204858,6.295064464505419,9.036540290427295,19.855950234728397
events,24,cosine,none,inverse,1000,3.260126746289437,7.146307130344312,3.4841120062977367,7.485062449446434,5.128547958049964,9.041927027508974,23.032471916883203
events,24,cosine,l1,inverse,1000,3.260126746289438,7.146307130344312,3.484112006297738,7.485062449446435,5.128547958049964,9.041927027508983,23.0324719168832
templates,48,cosine,l1,inverse,1000,0.8803718053991841,7.392059170709823,0.9472252316919832,7.5468322737213,6.095768331220219,9.045600665563448,20.007180940985517
templates,48,cosine,none,inverse,1000,0.8803718053991847,7.392059170709823,0.9472252316919837,7.5468322737213,6.0957683312202136,9.045600665563454,20.00718094098552
templates,32,euclidean,sqrt_l1,uniform,1000,1.6416241946249999,7.293837281849432,1.7163308336250003,7.491729119390133,5.928077089649305,9.067445170810515,19.996992748766367
events,32,cosine,l1,inverse2,1000,3.313019492996013,7.226016082845328,3.5575624711516913,7.582709080085182,5.165937133236307,9.067888083651622,23.586528519421307
events,32,cosine,none,inverse2,1000,3.312156577180709,7.222974347522776,3.5581862749819773,7.582759448834348,5.165937133236309,9.067888083651624,23.586528519421314
events,3,cosine,sqrt_l1,uniform,1000,3.4412134456666665,7.247299523012975,3.410806589666666,7.3848182305750925,5.369358795672079,9.071955725443907,22.143356294140606
events,3,cosine,sqrt,uniform,1000,3.4412134456666665,7.247299523012975,3.410806589666666,7.3848182305750925,5.369358795672079,9.071955725443907,22.143356294140606
events,8,cosine,sqrt,uniform,1000,3.7011885102499997,7.32962676364485,3.8294935867500004,7.463970848053006,5.289976556784506,9.076730422786081,23.786319848483316
events,8,cosine,sqrt_l1,uniform,1000,3.7011885102499997,7.32962676364485,3.8294935867500004,7.463970848053006,5.289976556784506,9.076730422786081,23.786319848483316
templates,24,cosine,log1p,inverse2,1000,2.0899658313501166,7.836877053278816,2.2564129875803887,8.232139686798794,6.122128873143328,9.092522243741753,23.238861439288154
events,24,cosine,none,uniform,1000,3.2705067806666666,7.211032048376491,3.4860594584166664,7.538194663285171,5.291559175999891,9.095063694815853,23.20003806523718
events,24,cosine,l1,uniform,1000,3.2705067806666666,7.211032048376491,3.4860594584166664,7.538194663285171,5.291559175999891,9.095063694815853,23.20003806523718
events,32,cosine,l1,inverse,1000,3.3194200171688317,7.311074323960581,3.552244134332667,7.659561440702027,5.389432897470774,9.096975001131932,23.626792774803498
events,32,cosine,none,inverse,1000,3.3184670104316725,7.3077588900305,3.552935435243551,7.659625770596878,5.389432897470774,9.09697500113194,23.6267927748035
templates,64,euclidean,sqrt_l1,inverse2,1000,1.3711015265540032,7.471755012860797,1.3935239648389293,7.608896532708898,6.3020188204616705,9.169820317086785,20.080942918826103
templates,48,cosine,sqrt_l1,inverse,1000,1.7409737567964798,7.630035519132474,1.763403741753496,7.753092421645347,6.374327995652365,9.191237412542337,20.98923462630451
templates,48,cosine,sqrt,inverse,1000,1.7409737567964803,7.6300355191324725,1.7634037417534967,7.753092421645347,6.374327995652364,9.191237412542339,20.98923462630451
events,48,cosine,none,inverse2,1000,3.418027313597511,7.444037970539924,3.670702597270837,7.778394881091124,5.34030493788338,9.196334752285233,24.582708908510956
events,48,cosine,l1,inverse2,1000,3.418072750776737,7.443893750943159,3.6703547223978,7.778680247031782,5.34030493788338,9.196334752285237,24.582708908510945
events,32,cosine,l1,uniform,1000,3.3191811105625,7.3938847404556105,3.5405734926875,7.737877074574133,5.604885877535462,9.197651784472146,23.810840690901664
events,32,cosine,none,uniform,1000,3.3181394421249997,7.390302318390829,3.5413310676875,7.737957060576736,5.604885877535462,9.197651784472146,23.810840690901664
events,1,euclidean,sqrt_l1,uniform,1000,3.070506319,7.915879900314726,3.303735943,8.18501179998082,5.814964193584,9.205078763754484,26.022206409465564
events,1,euclidean,sqrt_l1,inverse,1000,3.070506319,7.915879900314726,3.303735943,8.18501179998082,5.814964193584,9.205078763754484,26.022206409465564
events,1,euclidean,sqrt_l1,inverse2,1000,3.070506319,7.915879900314726,3.303735943,8.18501179998082,5.814964193584,9.205078763754484,26.022206409465564
templates,48,euclidean,sqrt_l1,inverse,1000,1.4251384614127385,7.456639309548723,1.4457306399210488,7.6620801160476315,6.353284131080882,9.207956281524178,20.47421024451422
events,12,cosine,sqrt,uniform,1000,3.8775773556666673,7.298734726387318,3.9605543505,7.577161451975993,5.507749548324902,9.209740486281156,24.983787110899737
events,12,cosine,sqrt_l1,uniform,1000,3.875052105666667,7.2985920783943845,3.9608068754999994,7.577178556940896,5.500001503671156,9.209740486281156,24.983787110899737
events,1,cosine,none,inverse2,1000,2.8492939489999998,7.752462186341829,2.891614743,8.144418645347965,5.637202587276689,9.256691851270473,22.81583864188285
events,1,cosine,l1,inverse,1000,2.8492939489999998,7.752462186341829,2.906766243,8.123954854363559,5.637202587276689,9.256691851270473,22.81583864188285
events,1,cosine,none,uniform,1000,2.8492939489999998,7.752462186341829,2.891614743,8.144418645347965,5.637202587276689,9.256691851270473,22.81583864188285
events,1,cosine,none,inverse,1000,2.8492939489999998,7.752462186341829,2.891614743,8.144418645347965,5.637202587276689,9.256691851270473,22.81583864188285
events,1,cosine,l1,inverse2,1000,2.8492939489999998,7.752462186341829,2.906766243,8.123954854363559,5.637202587276689,9.256691851270473,22.81583864188285
events,1,cosine,l1,uniform,1000,2.8492939489999998,7.752462186341829,2.906766243,8.123954854363559,5.637202587276689,9.256691851270473,22.81583864188285
events,12,cosine,sqrt_l1,inverse,1000,3.8477898204043615,7.265158525311551,3.939985063816479,7.5416846903408885,5.47764863472793,9.286210019253454,24.46389700898182
events,12,cosine,sqrt,inverse,1000,3.8501429234748987,7.265386240611586,3.939749753509425,7.541676812156545,5.4885103887037845,9.286210019253463,24.46389700898182
events,12,cosine,sqrt_l1,inverse2,1000,3.8177766944307625,7.230791273326615,3.917327918873524,7.506345350321643,5.469618884372352,9.287263988063042,24.32920460019853
events,12,cosine,sqrt,inverse2,1000,3.819959722687121,7.231096708048932,3.917109616047888,7.50634598188319,5.476129655619434,9.287263988063042,24.329204600198526
templates,48,euclidean,l1,uniform,1000,-0.9347336199583333,7.109226090047984,-0.8936758355416667,7.321028367391027,6.375461137548864,9.30285657488341,19.194274226958452
events,16,cosine,sqrt,inverse2,1000,3.95420538796789,7.38950286135857,4.0199032509260535,7.525623968605232,5.459558238498321,9.306525461435976,24.302307423630914
events,16,cosine,sqrt_l1,inverse2,1000,3.9542053879678907,7.3895028613585705,4.0199032509260535,7.525623968605232,5.459558238498321,9.306525461435987,24.302307423630904
templates,24,cosine,log1p,inverse,1000,2.0669705072795703,7.8962252504078645,2.24107405679385,8.28167182600225,6.262305845550416,9.320782637345609,23.15865074298528
templates,32,cosine,sqrt_l1,uniform,1000,1.7378364099375,7.5814072194050635,1.8135847120625002,7.761422835627498,6.225396102976974,9.333893100306598,20.512122247893277
templates,32,cosine,sqrt,uniform,1000,1.7378364099375,7.5814072194050635,1.8135847120625002,7.761422835627498,6.225396102976974,9.333893100306598,20.512122247893277
templates,1,cosine,log1p,inverse2,1000,1.6583841390000003,8.776833721296859,1.918886393,8.941286586627369,5.942723867853205,9.3583734497764,25.4105710076004
templates,1,cosine,log1p,inverse,1000,1.6583841390000003,8.776833721296859,1.918886393,8.941286586627369,5.942723867853205,9.3583734497764,25.4105710076004
templates,1,cosine,log1p,uniform,1000,1.6583841390000003,8.776833721296859,1.918886393,8.941286586627369,5.942723867853205,9.3583734497764,25.4105710076004
events,48,cosine,none,inverse,1000,3.4026500252390335,7.562136389033109,3.642027881382799,7.888854227837468,5.611332583916608,9.358840044100281,24.992615305379115
events,48,cosine,l1,inverse,1000,3.4027041160501024,7.561973708304656,3.6416334861718243,7.889158721994743,5.611332583916608,9.358840044100285,24.99261530537911
events,16,cosine,sqrt,inverse,1000,3.989306613178828,7.434233888979219,4.046022861094044,7.559166014129159,5.488092145743156,9.36338241959282,24.297287766643738
events,16,cosine,sqrt_l1,inverse,1000,3.989306613178828,7.434233888979219,4.046022861094043,7.559166014129159,5.488092145743158,9.363382419592826,24.297287766643738
templates,64,euclidean,sqrt,uniform,1000,-2.61907823975,5.702058003016053,-2.5322027740312496,5.6860414355947135,6.933246690877408,9.409164382981814,15.827110102465934
events,16,cosine,sqrt,uniform,1000,4.02107489525,7.476872964254479,4.069834661125,7.591793954923953,5.554871737936665,9.435585227765268,24.368493319994975
events,16,cosine,sqrt_l1,uniform,1000,4.02107489525,7.476872964254479,4.069834661125,7.591793954923953,5.554871737936665,9.435585227765268,24.368493319994975
templates,64,euclidean,l1,inverse,1000,-0.9407116200683736,6.986439604778455,-0.9392786162560504,7.2223752010092275,6.304935571979309,9.44486179800339,18.858604364850866
templates,24,cosine,log1p,uniform,1000,2.0436121515000005,7.957022991660722,2.2240639225833334,8.33300452707787,6.3665055859921456,9.445048217760535,23.12418881286603
templates,64,cosine,none,inverse,1000,0.7883068833319619,7.65716371058826,0.7984610025097476,7.752290580981315,6.526853839258853,9.461996498274694,20.376710538181545
templates,64,cosine,l1,inverse,1000,0.7883068833319611,7.65716371058826,0.798461002509747,7.752290580981316,6.526853839258862,9.461996498274756,20.376710538181545
templates,32,cosine,log1p,inverse2,1000,2.139811102371218,8.042483948696356,2.288653125451675,8.391202978116791,6.5328215088433765,9.471547917090275,23.21636824213448
events,64,cosine,none,inverse2,1000,3.5060495655120216,7.6500098218659955,3.7572624683766382,7.918421543215656,5.554129109398465,9.665517449753903,25.367648680219368
events,64,cosine,l1,inverse2,1000,3.5061612814662837,7.650002721691744,3.7572624683766382,7.918421543215656,5.554129109398465,9.665517449753908,25.367648680219368
events,24,cosine,sqrt,inverse2,1000,4.04571261654256,7.482422511756147,4.192115600978891,7.6905915489486585,5.613862631002606,9.679116917858243,24.716532786509394
events,24,cosine,sqrt_l1,inverse2,1000,4.045712616542561,7.482422511756147,4.192115600978892,7.6905915489486585,5.613862631002599,9.679116917858257,24.716532786509386
templates,32,cosine,log1p,inverse,1000,2.102301858183298,8.12984407215984,2.2607117857701517,8.464653815766722,6.7424688798519785,9.683555639394719,23.239440811650663
events,48,cosine,l1,uniform,1000,3.3773251956666663,7.681932670422588,3.602915755083333,8.00657915230098,5.779788549760033,9.697447561913673,25.137537470245704
events,48,cosine,none,uniform,1000,3.377262064416666,7.682114035869234,3.6033576738333326,8.006256760398427,5.779788549760033,9.697447561913673,25.137537470245704
events,64,cosine,none,inverse,1000,3.464693004239558,7.801337084340884,3.7067003161168937,8.056968251535768,5.9729325361380745,9.746849225279865,25.95278743035779
events,64,cosine,l1,inverse,1000,3.4648197129205074,7.8013321912594025,3.706700316116893,8.05696825153577,5.972932536138074,9.746849225279883,25.95278743035779
templates,48,euclidean,sqrt_l1,uniform,1000,1.2611634512916667,7.645251799133277,1.2722969565416669,7.853852695274135,6.654834241223689,9.77642817448235,20.279070953122726
events,24,cosine,sqrt,inverse,1000,4.076854793464705,7.52910497611502,4.224434797252565,7.73252383701394,5.667584354155533,9.78081305295007,24.999085208601354
events,24,cosine,sqrt_l1,inverse,1000,4.076854793464705,7.52910497611502,4.224434797252565,7.7325238370139395,5.667584354155542,9.780813052950071,24.999085208601347
templates,64,cosine,sqrt_l1,inverse,1000,1.5822122910396497,7.854050200567647,1.6002985268688144,8.02170568372984,6.753679893380428,9.78303577378662,21.231471637541766
templates,64,cosine,sqrt,inverse,1000,1.58221229103965,7.854050200567646,1.6002985268688148,8.02170568372984,6.753679893380429,9.783035773786624,21.231471637541762
events,32,cosine,sqrt_l1,inverse2,1000,4.135517021103522,7.64777445934325,4.277165716123928,7.791329790971139,5.717280721737279,9.85426557588281,25.078434899003366
events,32,cosine,sqrt,inverse2,1000,4.135517021103522,7.647774459343251,4.277165716123929,7.79132979097114,5.717280721737285,9.854265575882817,25.078434899003366
events,24,cosine,sqrt,uniform,1000,4.103587612749998,7.571941208300295,4.2537363013333325,7.771896727260777,5.686826833447973,9.867544403484183,25.314501026139137
events,24,cosine,sqrt_l1,uniform,1000,4.103587612749998,7.571941208300295,4.2537363013333325,7.771896727260777,5.686826833447973,9.867544403484183,25.314501026139137
templates,32,cosine,none,uniform,1000,0.4534613586874999,7.784513185716871,0.5737172867500002,8.003467035495015,6.6860151114917095,9.873129346447659,20.72385145738362
templates,32,cosine,l1,uniform,1000,0.4534613586874999,7.784513185716871,0.5737172867500002,8.003467035495015,6.6860151114917095,9.873129346447659,20.72385145738362
templates,64,euclidean,none,uniform,1000,-2.8721087163125003,5.806395827580907,-2.879645992625,5.811965940636925,7.847252549926628,9.87573431132235,15.243850962098403
events,1,cosine,sqrt_l1,inverse,1000,3.1220213790000004,7.8998442237506605,3.3704022829999998,8.269664715508002,6.040095988535896,9.906735612993302,26.02007171613613
events,1,cosine,sqrt,uniform,1000,3.1220213790000004,7.8998442237506605,3.3704022829999998,8.269664715508002,6.040095988535896,9.906735612993302,26.02007171613613
events,1,cosine,sqrt,inverse2,1000,3.1220213790000004,7.8998442237506605,3.3704022829999998,8.269664715508002,6.040095988535896,9.906735612993302,26.02007171613613
events,1,cosine,sqrt,inverse,1000,3.1220213790000004,7.8998442237506605,3.3704022829999998,8.269664715508002,6.040095988535896,9.906735612993302,26.02007171613613
events,1,cosine,sqrt_l1,inverse2,1000,3.1220213790000004,7.8998442237506605,3.3704022829999998,8.269664715508002,6.040095988535896,9.906735612993302,26.02007171613613
events,1,cosine,sqrt_l1,uniform,1000,3.1220213790000004,7.8998442237506605,3.3704022829999998,8.269664715508002,6.040095988535896,9.906735612993302,26.02007171613613
templates,64,euclidean,sqrt_l1,inverse,1000,1.1202685795900247,7.756817249074486,1.143160114748113,7.876135313373088,6.900899411003728,9.933959095334854,19.977128203123588
templates,32,cosine,log1p,uniform,1000,2.0640668493125003,8.220764879439274,2.2311032611250003,8.541071945433753,6.886564617563315,9.951246075148948,23.52330309522815
events,32,cosine,sqrt_l1,inverse,1000,4.1657435743855595,7.704120002511272,4.307034022046402,7.837436220197419,5.7930417661225775,9.968899629799804,25.484153845041472
events,32,cosine,sqrt,inverse,1000,4.1657435743855595,7.704120002511272,4.307034022046402,7.837436220197419,5.793041766122585,9.968899629799806,25.48415384504147
templates,48,cosine,log1p,inverse2,1000,2.140157845077905,8.351108290580628,2.2455789121607643,8.65866373157221,7.051411044196655,10.028803740488096,23.66279110072428
events,32,cosine,sqrt,uniform,1000,4.191150853375,7.755584860225512,4.3334712989375,7.879945604437157,5.785309287522679,10.03555436407972,25.747674279690802
events,32,cosine,sqrt_l1,uniform,1000,4.191150853375,7.755584860225512,4.3334712989375,7.879945604437157,5.785309287522679,10.03555436407972,25.747674279690802
events,64,cosine,l1,uniform,1000,3.40848063634375,7.962649682978507,3.64459834315625,8.208014015798256,6.169251364536935,10.113075841140082,26.347478328778035
events,64,cosine,none,uniform,1000,3.40833859103125,7.962651925992743,3.64459834315625,8.208014015798256,6.169251364536935,10.113075841140082,26.347478328778035
templates,48,cosine,sqrt_l1,uniform,1000,1.4152039900416666,8.029384989085568,1.4240016263333335,8.154506978097418,7.118187983274689,10.114272026279224,21.01224166870679
templates,48,cosine,sqrt,uniform,1000,1.4152039900416666,8.029384989085568,1.4240016263333335,8.154506978097418,7.118187983274689,10.114272026279224,21.01224166870679
events,48,cosine,sqrt,inverse2,1000,4.272779386584099,7.833724974430863,4.415534581224856,8.009142347490245,5.886007084177331,10.270659512707937,25.393932824386024
events,48,cosine,sqrt_l1,inverse2,1000,4.2727793865841,7.833724974430863,4.415534581224856,8.009142347490245,5.886007084177329,10.27065951270794,25.393932824386024
events,64,cosine,sqrt,inverse2,1000,4.374716004516915,8.013790387445436,4.49731907802065,8.147457472018562,6.070269641992596,10.365244539494322,26.33424634925328
events,64,cosine,sqrt_l1,inverse2,1000,4.374716004516915,8.013790387445436,4.49731907802065,8.147457472018562,6.070269641992599,10.365244539494329,26.33424634925328
templates,48,cosine,log1p,inverse,1000,2.05211083168919,8.503009321724903,2.161636842265726,8.796141195982509,7.4553948083327946,10.372770930720499,23.687275756739897
templates,64,euclidean,sqrt_l1,uniform,1000,0.8864634589999999,8.043973657551094,0.908471283,8.143842234517667,7.347961454011713,10.407374978761231,20.166351766103077
events,48,cosine,sqrt,uniform,1000,4.326820151708334,7.951769477203175,4.467688597791667,8.121635714590179,6.0734273992065635,10.409003214872557,25.663693136471927
events,48,cosine,sqrt_l1,uniform,1000,4.326820151708334,7.951769477203175,4.467688597791667,8.121635714590179,6.0734273992065635,10.409003214872557,25.663693136471927
events,48,cosine,sqrt,inverse,1000,4.302303520966083,7.896121406533001,4.443720934935036,8.067750428887422,6.000866858887382,10.420052037930322,25.57266391741087
events,48,cosine,sqrt_l1,inverse,1000,4.302303520966083,7.896121406533002,4.443720934935037,8.067750428887424,6.000866858887386,10.420052037930322,25.57266391741087
templates,64,euclidean,l1,uniform,1000,-1.4092288469374998,7.654233725749784,-1.4465486098125,7.892632563760037,7.100696661864593,10.439995181447097,21.31982035356774
events,64,cosine,sqrt_l1,inverse,1000,4.403025918074997,8.085934997993744,4.5208063048866896,8.213780359348073,6.125266018477962,10.447138108064344,26.499169430651623
events,64,cosine,sqrt,inverse,1000,4.403025918074997,8.085934997993744,4.520806304886689,8.213780359348071,6.125266018477963,10.447138108064344,26.499169430651623
events,64,cosine,sqrt,uniform,1000,4.4261889361875,8.150350708903314,4.539863556281251,8.27436110118573,6.228719842135343,10.462874357730524,26.662923488293124
events,64,cosine,sqrt_l1,uniform,1000,4.4261889361875,8.150350708903314,4.539863556281251,8.27436110118573,6.228719842135343,10.462874357730524,26.662923488293124
templates,64,cosine,log1p,inverse2,1000,2.1372698854743923,8.606302130211198,2.189570938297642,8.870323685125395,7.63205790762623,10.477943654855157,24.225012788321816
templates,48,cosine,log1p,uniform,1000,1.9583853733749998,8.666340800134591,2.069140159458333,8.945659405711163,7.779998787683317,10.764781007873172,23.917705261457385
templates,48,cosine,none,uniform,1000,0.07139055587499991,8.53578314339982,0.11169066591666649,8.650275095615788,7.651229759979893,10.996964539353478,23.257202155853705
templates,48,cosine,l1,uniform,1000,0.07139055587499991,8.53578314339982,0.11169066591666649,8.650275095615788,7.651229759979893,10.996964539353478,23.257202155853705
templates,64,cosine,sqrt,uniform,1000,1.1220696349375001,8.446112422002585,1.1366911033125,8.581550133326374,7.743836103705874,11.059491549546221,21.364891883135254
templates,64,cosine,sqrt_l1,uniform,1000,1.1220696349375001,8.446112422002585,1.1366911033125,8.581550133326374,7.743836103705874,11.059491549546221,21.364891883135254
templates,64,cosine,log1p,inverse,1000,1.99181194052054,8.83693292349529,2.0438446463247626,9.07684420228642,7.91696090744334,11.095166716843998,24.365147950319212
templates,64,cosine,log1p,uniform,1000,1.83205987196875,9.095297318768857,1.8805829337812496,9.3076456671879,8.407684416914229,11.574346819897965,24.572957943891826
events,3,cosine,log1p,inverse2,1000,4.11467273242978,9.135259959795512,4.3471690443797275,9.256473899497536,7.471252573700659,12.001399559224552,29.300420668269684
events,3,cosine,log1p,uniform,1000,4.149294109,9.196547855060656,4.367372289666666,9.302088456373394,7.466365812853107,12.008027256573152,29.489393679351533
events,3,cosine,log1p,inverse,1000,4.132027310039459,9.162487172411943,4.357151810722147,9.276290947380216,7.447439996839371,12.066827982761454,29.34263849752351
events,5,cosine,log1p,inverse2,1000,4.2872618991338705,8.962144593122574,4.473933374540251,9.147573373683915,7.5480943581430315,12.124201651654127,29.133334316479278
events,12,cosine,log1p,inverse2,1000,4.511999343011142,8.97913267587344,4.848507046161254,9.21302606530851,7.657061435901292,12.22461754715047,28.50682714550183
events,8,cosine,log1p,uniform,1000,4.4511882389999995,8.943400279991371,4.7329024905,9.143004218979144,7.653572779744215,12.229004247231316,29.30517828836132
events,8,cosine,log1p,inverse2,1000,4.391794895644728,8.874914951295633,4.682889425472148,9.089915272356455,7.642581707056996,12.249486180006322,28.98808260726427
events,8,cosine,log1p,inverse,1000,4.422484812531241,8.907979338474162,4.70806616421449,9.115058864553653,7.620273668613386,12.260387578816617,29.148835149290534
events,5,cosine,log1p,inverse,1000,4.313033657295368,8.990360422346242,4.484509328554613,9.175954447213176,7.547805324731643,12.263985028618617,29.239753017279945
events,12,cosine,log1p,inverse,1000,4.545290021103665,9.019201583735466,4.877527797294612,9.251405791877437,7.596580610470321,12.273690240953322,28.40548523234883
events,5,cosine,log1p,uniform,1000,4.337779239,9.022904748223834,4.494644899000001,9.208936305107397,7.548063753389153,12.347063437501907,29.48159095415443
templates,64,cosine,none,uniform,1000,-0.1888210888124999,9.0635123776514,-0.26368830059375004,9.172052262655047,8.328273484061445,12.369742716358946,24.423686262890588
templates,64,cosine,l1,uniform,1000,-0.1888210888124999,9.0635123776514,-0.26368830059375004,9.172052262655047,8.328273484061445,12.369742716358946,24.423686262890588
events,12,cosine,log1p,uniform,1000,4.5758096215,9.058888265847717,4.904998519666667,9.290637091208275,7.7220878265595,12.419728159270559,28.2922560811948
events,16,cosine,log1p,inverse2,1000,4.639165555472944,9.077026478076816,4.939113794403613,9.280344804593566,7.851393129446565,12.446970600690882,29.52812651892872
events,16,cosine,log1p,inverse,1000,4.67506847528457,9.122314559897905,4.968876469868762,9.320196422904106,7.9318462308266025,12.491294310038564,29.616560258963492
events,16,cosine,log1p,uniform,1000,4.707438494,9.165865639918792,4.996349671125,9.35934626613846,7.89885001424957,12.520047928304871,29.964663761123937
events,24,cosine,log1p,inverse2,1000,4.795610957131096,9.294970686026986,5.086437161656575,9.432588530643585,7.781255284337882,12.790006239194948,29.88774123236146
events,24,cosine,log1p,inverse,1000,4.833488053297464,9.353448205506231,5.119462378578103,9.476971661413684,7.768511914726768,12.819520641753291,30.33682996269302
events,24,cosine,log1p,uniform,1000,4.867097672333332,9.408363184715093,5.149569545083334,9.518538347000927,7.907974457311676,12.83530355177177,30.425575503800545
events,32,cosine,log1p,inverse2,1000,4.918035203776674,9.413847995764211,5.192635925347156,9.565071878823765,7.884863098308903,12.952663572677205,30.33632905467461
events,32,cosine,log1p,inverse,1000,4.958337664865054,9.472404591862567,5.226561371369855,9.614871963444047,7.963558668647371,13.132279704102304,30.39641545118042
events,32,cosine,log1p,uniform,1000,4.993991708375001,9.52571192713897,5.2570507126875,9.660731083243816,7.967804748161184,13.137686823766163,30.6323616806298
events,48,cosine,log1p,inverse,1000,5.137785439497406,9.66301750999628,5.370527602137635,9.802874511541503,8.2835562910324,13.489547022255255,31.16534312567665
events,48,cosine,log1p,uniform,1000,5.173979171499999,9.719104038752901,5.401463734666667,9.852691361302723,8.339153795582561,13.514430170288904,31.30596580147105
events,48,cosine,log1p,inverse2,1000,5.096319424946456,9.599936288867097,5.335578728094649,9.74784410377773,8.24458595785078,13.526600779070806,30.813570960338073
events,1,cosine,log1p,inverse2,1000,3.7856576090000003,9.52597012275154,4.100705323000001,10.472216345724405,8.237775517683945,13.757104380902986,32.02077014812307
events,1,cosine,log1p,uniform,1000,3.7856576090000003,9.52597012275154,4.100705323000001,10.472216345724405,8.237775517683945,13.757104380902986,32.02077014812307
events,1,cosine,log1p,inverse,1000,3.7856576090000003,9.52597012275154,4.100705323000001,10.472216345724405,8.237775517683945,13.757104380902986,32.02077014812307
events,64,cosine,log1p,inverse2,1000,5.199381988724911,9.746208244881903,5.417259393887849,9.878139233635194,8.360008439403916,13.81461118805896,31.494408103896518
events,64,cosine,log1p,inverse,1000,5.239515938974736,9.81349017698685,5.4498193170387115,9.936571106201338,8.432193658744502,13.896883608232432,31.678796060509324
events,64,cosine,log1p,uniform,1000,5.27405819775,9.872686090870221,5.47802637221875,9.98869109095494,8.527554092296128,13.89737307417164,31.62763006016875
