event_id,source_index,x_cm,y_cm,z_cm
0,0,3.642356,5.000000,4.648725
1,1,-16.058593,5.000000,31.950654
2,2,-28.203488,5.000000,37.536236
3,3,7.138730,5.000000,-10.962076
4,4,-40.417835,5.000000,-15.190685
5,5,42.222170,5.000000,6.820260
6,6,9.772955,5.000000,47.584927
7,7,-37.218625,5.000000,30.350930
8,8,28.503899,5.000000,49.265579
9,9,-30.469253,5.000000,-25.870526
10,10,-28.121024,5.000000,16.275404
11,11,5.363044,5.000000,-12.900205
12,12,-39.693423,5.000000,-19.209996
13,13,26.339603,5.000000,5.967201
14,14,42.903832,5.000000,-44.758178
15,15,18.284676,5.000000,12.546127
16,16,45.254858,5.000000,-16.272066
17,17,-32.234519,5.000000,21.095804
18,18,-1.001354,5.000000,8.677641
19,19,23.635913,5.000000,-41.135424
20,20,-33.967633,5.000000,47.536749
21,21,26.270767,5.000000,-15.036336
22,22,-3.669625,5.000000,-0.370421
23,23,43.104059,5.000000,24.902803
24,24,-48.063613,5.000000,28.418314
25,25,29.692241,5.000000,15.687271
26,26,-14.448010,5.000000,-49.327394
27,27,-33.822434,5.000000,5.046971
28,28,31.027138,5.000000,4.580841
29,29,-39.895395,5.000000,-41.665565
30,30,23.827544,5.000000,-40.704786
31,31,18.544066,5.000000,-48.064187
32,32,4.153600,5.000000,-13.545431
33,33,30.599469,5.000000,-49.328182
34,34,-33.306358,5.000000,-27.712663
35,35,28.400900,5.000000,-17.588537
36,36,-1.104225,5.000000,-28.575969
37,37,35.106768,5.000000,-39.101097
38,38,-5.405620,5.000000,24.970575
39,39,-17.697792,5.000000,-40.630867
40,40,46.586857,5.000000,27.264879
41,41,39.642999,5.000000,43.038911
42,42,47.903866,5.000000,-13.501610
43,43,44.665657,5.000000,49.562869
44,44,-43.397638,5.000000,-29.141934
45,45,-23.428036,5.000000,45.148941
46,46,6.288882,5.000000,48.297162
47,47,17.681136,5.000000,-31.752762
48,48,4.911800,5.000000,-24.322434
49,49,5.159743,5.000000,-22.023140
50,50,-43.165488,5.000000,-21.338453
51,51,39.638090,5.000000,-2.339829
52,52,33.040942,5.000000,0.845080
53,53,9.344085,5.000000,3.933134
54,54,-14.508669,5.000000,42.389701
55,55,-34.851404,5.000000,16.306047
56,56,38.792763,5.000000,-18.593864
57,57,-12.477064,5.000000,6.226544
58,58,9.874267,5.000000,-7.267606
59,59,-41.200916,5.000000,11.157265
60,60,31.810879,5.000000,15.277711
61,61,32.792257,5.000000,-12.860264
62,62,-23.166952,5.000000,44.394695
63,63,26.107207,5.000000,-4.248357
64,64,42.409252,5.000000,-41.134107
65,65,-4.588013,5.000000,-23.816490
66,66,-29.526485,5.000000,-18.744085
67,67,10.674760,5.000000,29.504959
68,68,-4.414561,5.000000,24.420397
69,69,-18.665106,5.000000,8.392384
70,70,21.373556,5.000000,38.079427
71,71,-23.493452,5.000000,-15.057922
72,72,44.875492,5.000000,-37.582485
73,73,17.195654,5.000000,19.549593
74,74,19.555387,5.000000,45.300574
75,75,38.844994,5.000000,-21.836120
76,76,10.662319,5.000000,6.732195
77,77,-30.781668,5.000000,17.782867
78,78,44.135454,5.000000,-26.856264
79,79,5.552821,5.000000,21.330845
80,80,42.877300,5.000000,-7.113130
81,81,49.389655,5.000000,24.845665
82,82,44.282733,5.000000,31.973717
83,83,-5.192437,5.000000,11.731496
84,84,-11.887977,5.000000,11.910908
85,85,-35.179536,5.000000,19.445287
86,86,6.579951,5.000000,11.797118
87,87,-29.606970,5.000000,0.488632
88,88,47.609349,5.000000,-49.680011
89,89,-19.417160,5.000000,30.708280
90,90,-46.444920,5.000000,-16.169245
91,91,-22.151739,5.000000,-12.510247
92,92,45.985756,5.000000,-28.025807
93,93,15.412730,5.000000,22.392832
94,94,25.066948,5.000000,-43.144967
95,95,12.053760,5.000000,-36.127229
96,96,-27.706560,5.000000,-45.655807
97,97,41.744716,5.000000,-40.807723
98,98,-19.305501,5.000000,3.054308
99,99,-13.929332,5.000000,40.808847
100,100,20.764555,5.000000,-38.780874
101,101,27.851900,5.000000,16.429337
102,102,39.075436,5.000000,10.104918
103,103,-27.643850,5.000000,39.760409
104,104,0.971598,5.000000,-36.320242
105,105,42.748237,5.000000,-42.916136
106,106,-7.475444,5.000000,6.790307
107,107,48.585569,5.000000,-8.591979
108,108,-11.911097,5.000000,-28.679192
109,109,43.855762,5.000000,40.925841
110,110,32.235586,5.000000,33.584725
111,111,35.159074,5.000000,33.391696
112,112,-42.507962,5.000000,2.789084
113,113,-35.297724,5.000000,15.290576
114,114,32.531604,5.000000,-11.469718
115,115,12.397075,5.000000,-5.058989
116,116,-37.604240,5.000000,-3.852171
117,117,-35.444776,5.000000,42.689581
118,118,-36.017486,5.000000,-44.874481
119,119,-29.720697,5.000000,-28.617631
120,120,-24.665370,5.000000,-27.567969
121,121,37.761792,5.000000,-47.247189
122,122,7.853247,5.000000,31.043105
123,123,-14.020300,5.000000,-14.635291
124,124,29.191808,5.000000,-12.970196
125,125,40.493754,5.000000,10.674614
126,126,-11.236600,5.000000,-5.009036
127,127,44.356455,5.000000,15.098861
128,128,46.757839,5.000000,-32.149201
129,129,-10.675720,5.000000,-33.381989
130,130,22.931137,5.000000,-6.750415
131,131,10.681095,5.000000,8.864213
132,132,-14.929153,5.000000,22.106670
133,133,21.746713,5.000000,-29.876674
134,134,-23.943884,5.000000,47.324317
135,135,6.177725,5.000000,-42.148425
136,136,30.986834,5.000000,48.495571
137,137,-44.975114,5.000000,-8.259603
138,138,4.060115,5.000000,20.271685
139,139,-8.291607,5.000000,6.498892
140,140,-38.848520,5.000000,-26.292528
141,141,3.015195,5.000000,-47.228583
142,142,-8.397516,5.000000,-27.549160
143,143,16.949153,5.000000,-22.422884
144,144,-38.042619,5.000000,3.449049
145,145,-22.708140,5.000000,32.158748
146,146,-28.882649,5.000000,10.377359
147,147,-29.681324,5.000000,0.410492
148,148,14.745828,5.000000,27.064555
149,149,-16.948740,5.000000,20.773192
150,150,-48.121573,5.000000,-38.627125
151,151,-13.503133,5.000000,20.836046
152,152,-39.705298,5.000000,-15.901399
153,153,6.404858,5.000000,0.007604
154,154,38.251050,5.000000,-14.581783
155,155,0.350999,5.000000,-20.303071
156,156,-12.381528,5.000000,49.954286
157,157,47.410465,5.000000,12.263421
158,158,16.715746,5.000000,-49.712999
159,159,38.099273,5.000000,36.186243
160,160,-23.661663,5.000000,40.323112
161,161,-19.343909,5.000000,34.324242
162,162,26.081161,5.000000,-37.066668
163,163,-1.455211,5.000000,9.859289
164,164,-6.068828,5.000000,-25.438503
165,165,-18.083743,5.000000,-11.934144
166,166,31.858084,5.000000,-23.327508
167,167,14.548290,5.000000,12.912906
168,168,-33.302678,5.000000,-31.640798
169,169,-26.453172,5.000000,30.295643
170,170,23.651223,5.000000,-15.572960
171,171,-8.808688,5.000000,43.900017
172,172,32.715370,5.000000,1.442731
173,173,-49.954774,5.000000,26.878857
174,174,-5.502668,5.000000,-2.344163
175,175,19.630623,5.000000,-7.404182
176,176,-40.717536,5.000000,-14.895665
177,177,14.991532,5.000000,-14.815785
178,178,47.679374,5.000000,20.345875
179,179,24.157342,5.000000,14.306865
180,180,-45.733615,5.000000,43.387213
181,181,-25.934922,5.000000,-11.835948
182,182,-41.420214,5.000000,-41.512384
183,183,-42.392882,5.000000,-44.602000
184,184,-2.308547,5.000000,4.600309
185,185,21.611880,5.000000,-16.137123
186,186,-18.345835,5.000000,-43.357057
187,187,42.196898,5.000000,-47.625108
188,188,-14.017792,5.000000,22.982152
189,189,16.662994,5.000000,42.023473
190,190,-44.300934,5.000000,1.860118
191,191,5.748031,5.000000,-32.902884
192,192,29.850311,5.000000,-28.866553
193,193,-17.676517,5.000000,38.771678
194,194,-5.883783,5.000000,15.379866
195,195,26.232946,5.000000,24.321725
196,196,10.532370,5.000000,29.202385
197,197,-40.597109,5.000000,42.787536
198,198,23.066632,5.000000,-35.410464
199,199,-29.113061,5.000000,23.519544
200,200,36.909592,5.000000,-37.835629
201,201,29.433937,5.000000,-37.996717
202,202,-46.158785,5.000000,0.776862
203,203,-0.668046,5.000000,4.001588
204,204,-42.133675,5.000000,49.718084
205,205,1.390413,5.000000,-24.719066
206,206,15.069837,5.000000,46.118500
207,207,11.198327,5.000000,13.544087
208,208,35.334446,5.000000,-10.762246
209,209,30.379332,5.000000,37.024035
210,210,11.794024,5.000000,-45.300899
211,211,-13.907765,5.000000,-33.332061
212,212,-17.086876,5.000000,24.034011
213,213,-48.216735,5.000000,-46.219713
214,214,24.863314,5.000000,-44.035861
215,215,23.136374,5.000000,-24.391542
216,216,27.570170,5.000000,9.338709
217,217,-42.856993,5.000000,28.960900
218,218,46.855992,5.000000,-29.661148
219,219,15.928835,5.000000,35.542969
220,220,-23.653905,5.000000,26.898471
221,221,40.523300,5.000000,23.699922
222,222,-39.794786,5.000000,16.248347
223,223,6.260508,5.000000,-7.256294
224,224,32.671468,5.000000,-44.630745
225,225,-30.917111,5.000000,-46.343683
226,226,-33.177817,5.000000,25.206367
227,227,-32.400195,5.000000,18.205340
228,228,-9.761422,5.000000,-29.908456
229,229,14.748323,5.000000,-19.607164
230,230,13.143632,5.000000,-33.320977
231,231,24.038269,5.000000,-34.123863
232,232,-41.617940,5.000000,-31.836691
233,233,19.483733,5.000000,46.460313
234,234,-48.189714,5.000000,-34.646041
235,235,35.692057,5.000000,25.366450
236,236,-29.378377,5.000000,-13.413003
237,237,-39.115476,5.000000,29.606883
238,238,-6.406603,5.000000,-31.373177
239,239,35.465953,5.000000,20.269990
240,240,34.308278,5.000000,1.420446
241,241,-20.513276,5.000000,34.599882
242,242,-38.204735,5.000000,17.777639
243,243,11.335526,5.000000,37.251903
244,244,31.531234,5.000000,-37.030859
245,245,17.309597,5.000000,-28.199866
246,246,14.019007,5.000000,33.374162
247,247,-48.536527,5.000000,-29.158304
248,248,11.041040,5.000000,13.382516
249,249,9.093915,5.000000,-19.344745
250,250,17.580710,5.000000,29.863606
251,251,6.307602,5.000000,-39.774714
252,252,-46.138472,5.000000,45.722729
253,253,11.757948,5.000000,47.167061
254,254,46.657900,5.000000,8.607458
255,255,-25.901929,5.000000,41.702301
256,256,36.015063,5.000000,-1.837669
257,257,-38.419296,5.000000,-25.748067
258,258,-49.415900,5.000000,23.399399
259,259,-29.678695,5.000000,5.347233
260,260,-24.031607,5.000000,37.975565
261,261,-39.404552,5.000000,-40.321987
262,262,-2.027814,5.000000,-14.272918
263,263,-33.805529,5.000000,27.536946
264,264,34.807999,5.000000,45.014056
265,265,4.443383,5.000000,49.279613
266,266,-5.688474,5.000000,41.438410
267,267,49.397185,5.000000,21.744210
268,268,-25.303047,5.000000,-42.560474
269,269,-10.117542,5.000000,-13.965996
270,270,12.206920,5.000000,24.423734
271,271,-1.732664,5.000000,41.707494
272,272,-7.455551,5.000000,-48.131023
273,273,-14.302874,5.000000,22.717773
274,274,-44.291948,5.000000,-29.652161
275,275,22.078801,5.000000,20.711978
276,276,43.204576,5.000000,-10.955534
277,277,-15.535746,5.000000,30.429302
278,278,-25.713974,5.000000,32.813304
279,279,-9.751384,5.000000,40.231854
280,280,-22.175907,5.000000,-13.507419
281,281,-4.465331,5.000000,-30.829729
282,282,-22.665313,5.000000,33.230899
283,283,-42.533777,5.000000,9.147714
284,284,46.190136,5.000000,-13.231123
285,285,36.785379,5.000000,-48.121812
286,286,-7.595026,5.000000,-12.384764
287,287,37.480919,5.000000,-11.881059
288,288,-43.710020,5.000000,34.461107
289,289,-11.286127,5.000000,-24.928177
290,290,-18.024595,5.000000,-0.760721
291,291,-36.355824,5.000000,-8.607690
292,292,27.535238,5.000000,2.363157
293,293,-18.852341,5.000000,37.001527
294,294,8.634385,5.000000,-11.043808
295,295,-40.185531,5.000000,-37.197503
296,296,26.825653,5.000000,20.842725
297,297,3.833408,5.000000,-43.844270
298,298,-47.708813,5.000000,37.973326
299,299,34.137079,5.000000,-8.842388
300,300,27.206539,5.000000,-16.103689
301,301,-22.869792,5.000000,22.118494
302,302,31.270411,5.000000,-38.977811
303,303,-38.728694,5.000000,-35.792838
304,304,25.881709,5.000000,38.619941
305,305,-49.578649,5.000000,-25.405862
306,306,49.992136,5.000000,3.695483
307,307,-37.614728,5.000000,12.261510
308,308,7.207989,5.000000,21.901975
309,309,26.731954,5.000000,-11.801053
310,310,-1.928541,5.000000,-6.803909
311,311,-43.598630,5.000000,-31.201851
312,312,-43.825386,5.000000,22.971583
313,313,33.510987,5.000000,25.466882
314,314,-12.951339,5.000000,31.664405
315,315,44.429655,5.000000,48.528120
316,316,10.207959,5.000000,43.764476
317,317,45.075728,5.000000,22.698731
318,318,-34.999336,5.000000,-45.745331
319,319,5.539510,5.000000,24.188824
320,320,33.112124,5.000000,-23.465094
321,321,-25.915934,5.000000,-45.601946
322,322,11.257822,5.000000,-10.453167
323,323,32.322654,5.000000,-22.849885
324,324,-2.477064,5.000000,1.412957
325,325,46.869431,5.000000,15.645641
326,326,25.536242,5.000000,8.950950
327,327,-29.126858,5.000000,14.518620
328,328,21.894057,5.000000,-16.865345
329,329,38.554736,5.000000,-1.286879
330,330,19.047596,5.000000,48.539817
331,331,30.590445,5.000000,23.046419
332,332,-47.005874,5.000000,2.775411
333,333,-26.173549,5.000000,-23.330355
334,334,-49.539547,5.000000,44.113426
335,335,-0.343258,5.000000,-19.674661
336,336,25.344201,5.000000,-11.255145
337,337,2.503750,5.000000,-42.422126
338,338,34.936911,5.000000,21.997529
339,339,-22.064916,5.000000,-24.741366
340,340,-37.402294,5.000000,23.264014
341,341,16.735085,5.000000,-0.172891
342,342,34.936769,5.000000,-27.865207
343,343,6.923624,5.000000,12.402099
344,344,31.547930,5.000000,-12.935386
345,345,10.666895,5.000000,-22.983383
346,346,-20.153689,5.000000,0.645740
347,347,37.779094,5.000000,-32.355987
348,348,8.195768,5.000000,-15.202376
349,349,-11.483495,5.000000,-43.887670
350,350,4.817779,5.000000,6.713171
351,351,29.513436,5.000000,38.218631
352,352,45.702568,5.000000,-0.655197
353,353,-30.674502,5.000000,25.060306
354,354,1.928519,5.000000,-3.278384
355,355,6.065913,5.000000,-35.933650
356,356,-12.429365,5.000000,-36.836787
357,357,-22.041472,5.000000,-22.025831
358,358,-17.948933,5.000000,-45.695448
359,359,-11.525337,5.000000,47.552974
360,360,-27.285099,5.000000,-46.976331
361,361,-13.075326,5.000000,26.851067
362,362,17.420815,5.000000,21.757634
363,363,45.389842,5.000000,16.407450
364,364,15.157857,5.000000,16.642528
365,365,-21.876729,5.000000,28.831304
366,366,-48.693368,5.000000,31.881895
367,367,32.456051,5.000000,19.937045
368,368,38.012267,5.000000,-12.404436
369,369,44.771391,5.000000,48.516547
370,370,2.589951,5.000000,30.724114
371,371,-38.002171,5.000000,19.410035
372,372,-47.876166,5.000000,39.417072
373,373,-17.230837,5.000000,6.866881
374,374,-26.926052,5.000000,-21.849194
375,375,-2.893930,5.000000,-12.560474
376,376,-32.578162,5.000000,9.672663
377,377,-46.809234,5.000000,39.488148
378,378,29.803931,5.000000,-24.086659
379,379,15.216658,5.000000,-32.831594
380,380,-35.423447,5.000000,-20.461036
381,381,44.880477,5.000000,-23.303606
382,382,-46.719857,5.000000,-28.632983
383,383,28.748584,5.000000,-48.447968
384,384,26.304056,5.000000,24.919514
385,385,-37.095480,5.000000,-34.198377
386,386,48.345006,5.000000,-5.267376
387,387,2.381926,5.000000,-35.976531
388,388,-13.012867,5.000000,33.938526
389,389,0.664995,5.000000,-34.623955
390,390,29.335173,5.000000,19.536619
391,391,-31.504363,5.000000,-11.463894
392,392,-19.373078,5.000000,35.272149
393,393,-37.697064,5.000000,29.912110
394,394,-17.975148,5.000000,-30.559515
395,395,-4.021134,5.000000,23.755257
396,396,-15.601518,5.000000,-44.191416
397,397,8.202200,5.000000,0.387058
398,398,0.239797,5.000000,-26.126287
399,399,-12.498873,5.000000,-49.656545
400,400,-39.328496,5.000000,26.173423
401,401,-8.782086,5.000000,-45.790726
402,402,45.757630,5.000000,47.705540
403,403,-39.029204,5.000000,41.186949
404,404,-0.449547,5.000000,-22.623844
405,405,-4.548477,5.000000,1.365667
406,406,12.654604,5.000000,16.439654
407,407,17.351835,5.000000,46.109322
408,408,36.539354,5.000000,41.872456
409,409,17.799458,5.000000,-28.886944
410,410,-1.751052,5.000000,26.085715
411,411,11.861127,5.000000,-48.875790
412,412,1.697625,5.000000,-2.496890
413,413,-2.230404,5.000000,46.181888
414,414,-40.915267,5.000000,29.176225
415,415,29.157391,5.000000,-19.547709
416,416,-11.089315,5.000000,2.244910
417,417,34.882667,5.000000,8.294593
418,418,48.543805,5.000000,39.133857
419,419,-40.475423,5.000000,26.697894
420,420,27.050278,5.000000,-42.830977
421,421,29.477608,5.000000,-32.699022
422,422,37.511802,5.000000,33.908720
423,423,16.397632,5.000000,-28.416148
424,424,-20.957134,5.000000,8.576360
425,425,-23.871658,5.000000,23.062909
426,426,-4.962806,5.000000,-18.635076
427,427,-46.534790,5.000000,-17.414060
428,428,14.540962,5.000000,22.994306
429,429,-5.931307,5.000000,23.171370
430,430,20.802636,5.000000,13.816917
431,431,27.956098,5.000000,8.497509
432,432,44.551064,5.000000,-24.069405
433,433,-43.376849,5.000000,46.302292
434,434,17.164782,5.000000,3.827492
435,435,41.328557,5.000000,22.343791
436,436,-0.814704,5.000000,0.600489
437,437,37.605420,5.000000,-45.361917
438,438,11.131861,5.000000,24.493947
439,439,17.377106,5.000000,45.530636
440,440,-22.769455,5.000000,21.624222
441,441,-0.277418,5.000000,3.513641
442,442,26.871124,5.000000,46.609545
443,443,5.210596,5.000000,36.468506
444,444,-42.616484,5.000000,30.450284
445,445,20.239505,5.000000,-39.361591
446,446,16.595759,5.000000,-7.432458
447,447,23.316852,5.000000,-31.264591
448,448,30.275702,5.000000,18.302498
449,449,38.936789,5.000000,33.956402
450,450,49.477258,5.000000,48.697301
451,451,-7.623851,5.000000,15.160088
452,452,-36.546675,5.000000,31.806402
453,453,42.816260,5.000000,24.485492
454,454,24.104464,5.000000,-29.892248
455,455,-20.448241,5.000000,15.708475
456,456,-0.430292,5.000000,35.499618
457,457,43.337886,5.000000,-13.460317
458,458,-8.437210,5.000000,-40.534039
459,459,-20.726003,5.000000,9.561597
460,460,0.453183,5.000000,-3.058841
461,461,-3.987058,5.000000,1.893907
462,462,-45.911520,5.000000,21.991164
463,463,48.464101,5.000000,48.516530
464,464,1.238507,5.000000,-44.039804
465,465,-33.779648,5.000000,36.811055
466,466,-3.750247,5.000000,30.923526
467,467,-37.963632,5.000000,-12.925649
468,468,-7.294919,5.000000,-30.504144
469,469,-45.367985,5.000000,-36.687632
470,470,-24.673562,5.000000,44.346607
471,471,6.021591,5.000000,-37.283387
472,472,-44.434657,5.000000,-25.219752
473,473,-35.349590,5.000000,-36.191402
474,474,-4.876741,5.000000,-9.613057
475,475,1.753262,5.000000,17.445529
476,476,-23.528891,5.000000,40.833340
477,477,-12.046314,5.000000,18.253590
478,478,-12.808631,5.000000,9.937176
479,479,-5.955297,5.000000,38.101665
480,480,-25.588919,5.000000,-41.920240
481,481,-24.257081,5.000000,-15.516579
482,482,1.899090,5.000000,-28.461045
483,483,-37.425793,5.000000,-13.431721
484,484,14.626184,5.000000,-31.190825
485,485,44.184286,5.000000,45.109406
486,486,-49.187068,5.000000,-26.790466
487,487,28.933622,5.000000,44.695822
488,488,43.633968,5.000000,-8.638288
489,489,10.199963,5.000000,22.267760
490,490,-10.038313,5.000000,-3.354396
491,491,6.186896,5.000000,30.238124
492,492,27.704163,5.000000,-44.148618
493,493,-43.031738,5.000000,43.609079
494,494,45.726488,5.000000,22.409195
495,495,24.085860,5.000000,-23.481447
496,496,46.224721,5.000000,49.416076
497,497,9.480677,5.000000,-2.037964
498,498,-13.797294,5.000000,26.313381
499,499,14.175692,5.000000,28.570884
500,500,-43.926122,5.000000,41.597084
501,501,-25.535053,5.000000,20.749524
502,502,-0.687740,5.000000,-18.324797
503,503,-16.251178,5.000000,39.368747
504,504,14.722843,5.000000,-11.113837
505,505,-23.405003,5.000000,11.654291
506,506,-17.117642,5.000000,-23.925620
507,507,-46.175744,5.000000,34.120830
508,508,2.648751,5.000000,-22.667788
509,509,9.059793,5.000000,39.960444
510,510,15.427850,5.000000,20.724340
511,511,-1.669729,5.000000,-37.026787
512,512,43.546800,5.000000,-43.579855
513,513,12.155745,5.000000,8.224882
514,514,-37.812524,5.000000,-22.295646
515,515,5.094426,5.000000,39.604466
516,516,8.449686,5.000000,17.955992
517,517,23.777047,5.000000,29.797872
518,518,-27.208829,5.000000,-30.052339
519,519,-36.906206,5.000000,-26.827205
520,520,43.624979,5.000000,-46.563949
521,521,-22.787041,5.000000,-28.323319
522,522,-32.376455,5.000000,23.862846
523,523,-41.965025,5.000000,14.538526
524,524,-23.451869,5.000000,19.639541
525,525,-39.024733,5.000000,-35.395991
526,526,-3.354214,5.000000,-23.178185
527,527,-9.766320,5.000000,13.674845
528,528,38.159064,5.000000,-9.312220
529,529,29.097295,5.000000,48.381453
530,530,-41.881780,5.000000,12.854672
531,531,-40.182862,5.000000,-26.592876
532,532,-5.318618,5.000000,34.104859
533,533,6.709042,5.000000,40.369032
534,534,49.939731,5.000000,-30.104846
535,535,34.987738,5.000000,8.111243
536,536,0.254600,5.000000,31.718588
537,537,37.195010,5.000000,-40.272621
538,538,11.046609,5.000000,-15.726240
539,539,8.404674,5.000000,16.367509
540,540,48.115504,5.000000,-45.448020
541,541,-5.956986,5.000000,-5.610629
542,542,-3.063184,5.000000,30.889184
543,543,-30.289668,5.000000,8.168242
544,544,-30.318772,5.000000,-22.155691
545,545,23.158245,5.000000,18.485131
546,546,21.190917,5.000000,-44.123454
547,547,15.597055,5.000000,26.652842
548,548,-37.215177,5.000000,1.259720
549,549,5.162265,5.000000,-8.809108
550,550,9.544802,5.000000,-8.162643
551,551,18.413818,5.000000,44.536429
552,552,35.149605,5.000000,-3.319189
553,553,-12.702003,5.000000,9.312044
554,554,24.599949,5.000000,37.629184
555,555,-32.771551,5.000000,46.778979
556,556,-43.628375,5.000000,40.019737
557,557,35.070242,5.000000,37.362480
558,558,-21.681825,5.000000,-20.109058
559,559,46.976776,5.000000,31.193169
560,560,1.059306,5.000000,-9.599725
561,561,-45.324078,5.000000,-37.202575
562,562,39.515546,5.000000,45.331101
563,563,35.050189,5.000000,48.459669
564,564,-15.911069,5.000000,27.208601
565,565,17.187551,5.000000,-33.259716
566,566,13.186005,5.000000,37.467499
567,567,10.576290,5.000000,-49.704280
568,568,-47.099707,5.000000,-23.055400
569,569,-15.521003,5.000000,1.062782
570,570,36.649794,5.000000,-21.177071
571,571,-41.606603,5.000000,22.617468
572,572,30.234161,5.000000,-11.598355
573,573,-34.598917,5.000000,49.532167
574,574,-6.283842,5.000000,12.820352
575,575,11.742824,5.000000,14.165448
576,576,-27.199482,5.000000,2.450757
577,577,25.473785,5.000000,42.985492
578,578,45.418840,5.000000,43.481675
579,579,30.768019,5.000000,-8.868094
580,580,-38.947167,5.000000,-36.441856
581,581,-16.229244,5.000000,18.594349
582,582,49.762930,5.000000,-26.886084
583,583,-9.245857,5.000000,-39.897099
584,584,42.379900,5.000000,-14.783210
585,585,-14.302882,5.000000,-46.732382
586,586,-46.840817,5.000000,-29.643688
587,587,13.094023,5.000000,24.370562
588,588,32.648137,5.000000,4.152348
589,589,31.426323,5.000000,46.934436
590,590,-29.020964,5.000000,8.376163
591,591,47.778267,5.000000,-14.604389
592,592,-4.832118,5.000000,38.524851
593,593,29.701680,5.000000,-29.492106
594,594,41.889725,5.000000,-18.059222
595,595,4.202636,5.000000,6.951926
596,596,-32.927848,5.000000,36.878169
597,597,0.933035,5.000000,32.878148
598,598,-0.778969,5.000000,-9.159560
599,599,-26.033809,5.000000,-43.836192
600,600,-18.383394,5.000000,-3.630563
601,601,26.815427,5.000000,7.522929
602,602,42.166083,5.000000,24.722455
603,603,36.066130,5.000000,-35.736781
604,604,38.528688,5.000000,-48.805650
605,605,-33.051747,5.000000,-16.940750
606,606,10.499535,5.000000,-10.370012
607,607,9.002256,5.000000,39.015653
608,608,-25.323288,5.000000,30.829205
609,609,-37.438745,5.000000,26.354924
610,610,21.345595,5.000000,-25.269767
611,611,-14.170551,5.000000,-5.540764
612,612,-21.935170,5.000000,3.450329
613,613,5.697435,5.000000,39.744809
614,614,-25.929211,5.000000,-30.047347
615,615,4.769155,5.000000,37.509937
616,616,36.117500,5.000000,-23.081278
617,617,8.144703,5.000000,-24.846246
618,618,-19.164656,5.000000,-48.265951
619,619,10.198430,5.000000,-14.312477
620,620,15.116280,5.000000,11.673616
621,621,5.996314,5.000000,24.382340
622,622,-15.286160,5.000000,-34.717815
623,623,-10.467712,5.000000,5.867636
624,624,-24.232581,5.000000,25.104521
625,625,-12.597401,5.000000,-15.576717
626,626,44.636326,5.000000,-37.888933
627,627,26.846695,5.000000,8.311297
628,628,-20.095696,5.000000,-49.737285
629,629,23.340672,5.000000,-0.287508
630,630,-46.013849,5.000000,-46.346852
631,631,-12.428694,5.000000,-30.896029
632,632,-43.831113,5.000000,26.459744
633,633,29.731284,5.000000,27.906676
634,634,-27.014050,5.000000,46.921702
635,635,3.292072,5.000000,19.421006
636,636,10.594547,5.000000,-34.288327
637,637,15.908916,5.000000,-18.668193
638,638,9.042588,5.000000,-21.168826
639,639,-19.996214,5.000000,21.816215
640,640,9.152702,5.000000,-5.642620
641,641,-3.678987,5.000000,-5.618904
642,642,-34.008462,5.000000,-33.853999
643,643,49.189325,5.000000,31.359330
644,644,1.042670,5.000000,1.416113
645,645,18.279091,5.000000,3.304255
646,646,-25.274932,5.000000,27.568886
647,647,28.481586,5.000000,19.588423
648,648,-20.308650,5.000000,-35.427738
649,649,18.588824,5.000000,46.644714
650,650,-38.051389,5.000000,15.299822
651,651,39.302133,5.000000,-40.537682
652,652,-48.468791,5.000000,-3.880620
653,653,-32.686598,5.000000,3.863799
654,654,-5.660426,5.000000,-33.942344
655,655,49.458399,5.000000,7.030340
656,656,-17.214114,5.000000,-39.493745
657,657,10.279929,5.000000,-13.300652
658,658,9.844853,5.000000,-14.797977
659,659,45.737407,5.000000,49.612714
660,660,9.447199,5.000000,-16.810816
661,661,20.303354,5.000000,3.587028
662,662,-21.882950,5.000000,-37.561902
663,663,-10.365857,5.000000,16.287894
664,664,41.325045,5.000000,14.378207
665,665,-18.584939,5.000000,1.130820
666,666,25.679083,5.000000,-12.500637
667,667,47.197064,5.000000,-43.985120
668,668,38.829044,5.000000,41.693507
669,669,0.741202,5.000000,-33.077487
670,670,31.980150,5.000000,36.567077
671,671,35.055054,5.000000,-32.955383
672,672,-15.557499,5.000000,4.785549
673,673,9.138601,5.000000,3.048375
674,674,4.155495,5.000000,-7.176837
675,675,-34.830033,5.000000,23.835381
676,676,38.701674,5.000000,0.833905
677,677,11.582926,5.000000,15.349918
678,678,46.951526,5.000000,-8.340946
679,679,18.568019,5.000000,12.727256
680,680,2.685720,5.000000,20.785919
681,681,-0.277505,5.000000,40.711671
682,682,-21.318071,5.000000,-1.118713
683,683,-26.517684,5.000000,19.502972
684,684,-28.502765,5.000000,19.027540
685,685,-10.657998,5.000000,13.683894
686,686,28.758218,5.000000,11.880739
687,687,-4.298253,5.000000,40.598417
688,688,-36.152860,5.000000,0.573898
689,689,49.142875,5.000000,-3.314462
690,690,-5.740120,5.000000,-30.107830
691,691,-35.438151,5.000000,-44.508416
692,692,-43.200345,5.000000,-37.793447
693,693,-30.863020,5.000000,-31.104704
694,694,-9.294935,5.000000,27.766808
695,695,25.398950,5.000000,-27.862608
696,696,-25.948382,5.000000,-16.998001
697,697,44.569489,5.000000,49.144432
698,698,13.382262,5.000000,-3.369556
699,699,30.233408,5.000000,-8.616554
700,700,-41.035838,5.000000,24.939596
701,701,-5.645023,5.000000,-35.256651
702,702,21.847486,5.000000,-2.106888
703,703,-25.100263,5.000000,-20.583769
704,704,-12.207954,5.000000,39.498967
705,705,-38.054198,5.000000,14.319947
706,706,-48.677468,5.000000,-47.780943
707,707,-15.276282,5.000000,-12.504598
708,708,-3.601046,5.000000,32.172713
709,709,-9.841872,5.000000,-34.098452
710,710,-32.299515,5.000000,-14.731751
711,711,-32.288135,5.000000,23.401253
712,712,44.821680,5.000000,25.855091
713,713,-49.959574,5.000000,-44.539331
714,714,35.978478,5.000000,-26.764501
715,715,-33.630188,5.000000,-1.651677
716,716,-49.088032,5.000000,25.581016
717,717,18.433212,5.000000,38.803034
718,718,20.015932,5.000000,-24.780933
719,719,47.127572,5.000000,28.777665
720,720,-0.003723,5.000000,-27.780002
721,721,-42.551416,5.000000,14.951780
722,722,33.871194,5.000000,26.280277
723,723,34.214941,5.000000,-47.362726
724,724,4.719118,5.000000,-26.935291
725,725,-17.268943,5.000000,-30.088441
726,726,31.656739,5.000000,8.507407
727,727,-33.579590,5.000000,7.500626
728,728,-2.285085,5.000000,-1.194700
729,729,48.326790,5.000000,-10.466087
730,730,-12.841266,5.000000,42.734377
731,731,17.019672,5.000000,49.300410
732,732,44.383313,5.000000,42.557511
733,733,41.371668,5.000000,31.650452
734,734,-25.906664,5.000000,-12.354142
735,735,44.539516,5.000000,-36.268414
736,736,34.486420,5.000000,-12.529172
737,737,-38.886280,5.000000,48.903867
738,738,16.401949,5.000000,-32.995927
739,739,15.963345,5.000000,44.513193
740,740,-32.766862,5.000000,45.433720
741,741,-0.031061,5.000000,-41.092621
742,742,28.246466,5.000000,19.528276
743,743,-45.060065,5.000000,4.456415
744,744,-43.012545,5.000000,-28.937133
745,745,15.890713,5.000000,0.655301
746,746,43.037401,5.000000,14.446194
747,747,-20.613739,5.000000,38.746182
748,748,44.552220,5.000000,38.793523
749,749,25.226549,5.000000,-9.470249
750,750,-33.925144,5.000000,-8.390918
751,751,30.347547,5.000000,-0.504696
752,752,-31.501071,5.000000,-28.398719
753,753,-4.449109,5.000000,29.192508
754,754,-47.856835,5.000000,3.532027
755,755,-38.768630,5.000000,-45.174730
756,756,-34.595819,5.000000,14.717802
757,757,-37.336509,5.000000,-16.766456
758,758,17.887970,5.000000,40.303438
759,759,12.310691,5.000000,18.363108
760,760,26.092844,5.000000,-40.649979
761,761,-37.798808,5.000000,-25.311581
762,762,-33.381891,5.000000,25.522599
763,763,17.692255,5.000000,5.664441
764,764,-35.093485,5.000000,26.319529
765,765,-7.167331,5.000000,-4.024308
766,766,12.767466,5.000000,-9.802153
767,767,11.551801,5.000000,-25.666907
768,768,33.606927,5.000000,-49.776011
769,769,-38.361367,5.000000,-29.988526
770,770,-34.383659,5.000000,-11.256478
771,771,-41.404208,5.000000,-20.819271
772,772,-46.931564,5.000000,34.233365
773,773,-24.041275,5.000000,21.531007
774,774,-48.771560,5.000000,-21.544036
775,775,-37.515846,5.000000,-7.848532
776,776,34.613194,5.000000,4.430079
777,777,-25.503802,5.000000,-30.444366
778,778,2.901270,5.000000,-0.693693
779,779,5.415369,5.000000,23.728226
780,780,36.233199,5.000000,28.461729
781,781,-39.508863,5.000000,-4.873572
782,782,41.283026,5.000000,49.202837
783,783,-22.812660,5.000000,-16.701971
784,784,8.052030,5.000000,11.036197
785,785,-43.597140,5.000000,-26.678014
786,786,15.594863,5.000000,-0.639460
787,787,17.454999,5.000000,-48.404761
788,788,31.001724,5.000000,36.113995
789,789,-28.264918,5.000000,-14.730056
790,790,-12.379075,5.000000,43.553127
791,791,-38.556251,5.000000,48.702079
792,792,-38.405669,5.000000,-40.311841
793,793,-13.365930,5.000000,-27.999845
794,794,-23.091000,5.000000,40.245649
795,795,30.104074,5.000000,-46.490616
796,796,28.051556,5.000000,-11.005810
797,797,-24.916583,5.000000,34.648351
798,798,19.729662,5.000000,-28.715103
799,799,13.322087,5.000000,0.872521
800,800,-20.677337,5.000000,-8.049104
801,801,42.288255,5.000000,-8.169171
802,802,35.295788,5.000000,10.170997
803,803,25.883625,5.000000,44.244563
804,804,7.526875,5.000000,-43.256477
805,805,-11.417603,5.000000,23.101433
806,806,-17.834990,5.000000,-40.252769
807,807,-13.370267,5.000000,26.204165
808,808,-5.123556,5.000000,-3.149652
809,809,41.393382,5.000000,-25.023252
810,810,24.389506,5.000000,-2.698316
811,811,-36.086291,5.000000,-22.982503
812,812,-38.343574,5.000000,27.986577
813,813,0.620574,5.000000,17.675683
814,814,28.399810,5.000000,21.348062
815,815,-25.934857,5.000000,38.427051
816,816,40.623632,5.000000,-1.425803
817,817,17.976715,5.000000,6.929293
818,818,-30.976632,5.000000,-36.273405
819,819,7.150089,5.000000,-36.793410
820,820,37.959969,5.000000,7.449210
821,821,-45.066904,5.000000,-36.935900
822,822,-29.585355,5.000000,43.924139
823,823,12.357419,5.000000,49.077209
824,824,23.402630,5.000000,-32.479545
825,825,6.013017,5.000000,-1.611098
826,826,-36.331802,5.000000,-41.516035
827,827,48.300327,5.000000,-7.240519
828,828,-34.360942,5.000000,-10.043457
829,829,25.633596,5.000000,20.904218
830,830,33.697722,5.000000,16.375330
831,831,11.514073,5.000000,40.769773
832,832,-5.060282,5.000000,38.224122
833,833,-29.030503,5.000000,3.727809
834,834,-37.708676,5.000000,19.527062
835,835,-20.438636,5.000000,-5.588765
836,836,-0.290954,5.000000,-40.926597
837,837,26.310434,5.000000,-32.013023
838,838,2.767784,5.000000,46.763057
839,839,-14.856913,5.000000,37.867619
840,840,23.654368,5.000000,22.710246
841,841,-44.698092,5.000000,26.121193
842,842,7.810455,5.000000,-32.520014
843,843,13.540675,5.000000,1.715461
844,844,0.759600,5.000000,-3.605206
845,845,19.902042,5.000000,-18.852218
846,846,37.975887,5.000000,40.036650
847,847,35.437943,5.000000,-44.432188
848,848,-44.863410,5.000000,8.121771
849,849,3.049077,5.000000,-40.621835
850,850,-38.323550,5.000000,-3.081591
851,851,-13.277602,5.000000,-4.298023
852,852,-21.771989,5.000000,29.270071
853,853,-31.046634,5.000000,45.250527
854,854,27.507044,5.000000,-36.069230
855,855,38.869421,5.000000,10.336418
856,856,-15.918514,5.000000,25.062920
857,857,-3.309803,5.000000,-31.863055
858,858,34.462722,5.000000,-40.765047
859,859,19.202704,5.000000,-5.651994
860,860,-40.170476,5.000000,-10.486170
861,861,-4.028774,5.000000,36.519125
862,862,-39.331861,5.000000,-23.669238
863,863,-25.424858,5.000000,25.713435
864,864,-43.759892,5.000000,-44.794072
865,865,-20.901712,5.000000,35.716560
866,866,-23.196034,5.000000,-38.923949
867,867,-29.837903,5.000000,-16.327443
868,868,1.830220,5.000000,-26.454642
869,869,39.905201,5.000000,27.021975
870,870,-18.732330,5.000000,7.262682
871,871,-14.678924,5.000000,-45.141651
872,872,30.535326,5.000000,28.516701
873,873,-21.346430,5.000000,16.178985
874,874,-44.702610,5.000000,13.583822
875,875,-43.364850,5.000000,13.316464
876,876,17.833205,5.000000,-0.654709
877,877,-14.523391,5.000000,-43.181474
878,878,-6.956465,5.000000,-42.649830
879,879,-25.663996,5.000000,-24.252280
880,880,12.432454,5.000000,-35.875870
881,881,-14.628919,5.000000,31.507553
882,882,-27.281038,5.000000,7.804793
883,883,38.136883,5.000000,-49.969437
884,884,48.881872,5.000000,0.810068
885,885,40.330609,5.000000,-17.570454
886,886,43.383179,5.000000,48.360949
887,887,-35.732362,5.000000,-48.398220
888,888,20.664376,5.000000,-41.583943
889,889,17.070273,5.000000,-39.626122
890,890,45.591016,5.000000,-23.824527
891,891,-17.393259,5.000000,-43.435478
892,892,-9.836696,5.000000,-47.046321
893,893,44.865740,5.000000,-24.001217
894,894,34.584456,5.000000,-33.768772
895,895,-3.806553,5.000000,-2.598885
896,896,-11.846021,5.000000,-12.221711
897,897,-21.661076,5.000000,-1.558541
898,898,-28.807538,5.000000,20.051693
899,899,48.754785,5.000000,-21.210839
900,900,36.947313,5.000000,34.429465
901,901,42.820282,5.000000,-4.111430
902,902,28.790590,5.000000,46.761480
903,903,-3.103704,5.000000,7.852289
904,904,-8.785649,5.000000,-8.934339
905,905,46.840165,5.000000,-36.807232
906,906,-28.972087,5.000000,49.915592
907,907,-26.026063,5.000000,-8.960922
908,908,-49.832868,5.000000,-36.261557
909,909,-18.818465,5.000000,40.675476
910,910,14.260500,5.000000,28.696945
911,911,-39.621456,5.000000,-15.404981
912,912,9.423590,5.000000,-40.125102
913,913,-27.913355,5.000000,-24.825896
914,914,-17.754753,5.000000,41.231922
915,915,2.971031,5.000000,-19.272552
916,916,-30.812495,5.000000,26.362745
917,917,28.263066,5.000000,-7.572400
918,918,43.992223,5.000000,-32.279355
919,919,16.298751,5.000000,44.399379
920,920,29.138743,5.000000,-23.728271
921,921,8.736820,5.000000,11.821433
922,922,-49.576088,5.000000,-12.511251
923,923,8.590877,5.000000,-21.870478
924,924,-31.806568,5.000000,-21.041480
925,925,-23.251877,5.000000,8.143410
926,926,-36.395363,5.000000,5.478409
927,927,6.029537,5.000000,25.353912
928,928,18.810249,5.000000,-47.111915
929,929,-46.412915,5.000000,-42.392819
930,930,-20.284148,5.000000,-49.758918
931,931,-32.752147,5.000000,29.863711
932,932,-28.933997,5.000000,-35.182339
933,933,40.266412,5.000000,-33.499413
934,934,5.543404,5.000000,2.393261
935,935,-9.721851,5.000000,-32.473960
936,936,16.809538,5.000000,-24.275322
937,937,-5.864088,5.000000,-0.607020
938,938,6.310337,5.000000,-36.344799
939,939,32.372645,5.000000,-8.967178
940,940,22.919668,5.000000,-9.956341
941,941,42.289474,5.000000,-33.577076
942,942,4.235989,5.000000,24.010928
943,943,-44.080983,5.000000,38.632666
944,944,28.434120,5.000000,29.049898
945,945,-43.632893,5.000000,-15.457660
946,946,-15.431525,5.000000,-14.798175
947,947,-10.037152,5.000000,45.220584
948,948,2.353157,5.000000,13.685953
949,949,35.654935,5.000000,19.270588
950,950,-32.650405,5.000000,27.969116
951,951,14.856830,5.000000,1.889355
952,952,-41.501889,5.000000,11.879475
953,953,37.186443,5.000000,-14.260853
954,954,33.420043,5.000000,-12.590373
955,955,-11.251407,5.000000,-37.474355
956,956,4.678379,5.000000,-12.875383
957,957,-45.617498,5.000000,-45.516823
958,958,-13.253450,5.000000,-27.812177
959,959,-41.722413,5.000000,-41.570338
960,960,20.656480,5.000000,43.986300
961,961,11.019967,5.000000,41.607358
962,962,-18.661599,5.000000,26.934026
963,963,38.227663,5.000000,28.686414
964,964,-20.309657,5.000000,19.551698
965,965,-17.393933,5.000000,26.728051
966,966,-8.552172,5.000000,-25.683169
967,967,-25.862740,5.000000,47.877774
968,968,-25.605807,5.000000,13.058670
969,969,44.213603,5.000000,-11.153400
970,970,-13.342317,5.000000,38.070005
971,971,-32.482939,5.000000,29.134348
972,972,40.964829,5.000000,-33.822494
973,973,34.095596,5.000000,-37.818788
974,974,-30.318763,5.000000,25.722501
975,975,-8.251526,5.000000,-17.759937
976,976,13.112480,5.000000,-33.132405
977,977,7.853842,5.000000,-2.557278
978,978,-34.653111,5.000000,-12.325916
979,979,-21.173237,5.000000,18.728428
980,980,49.906138,5.000000,42.977496
981,981,42.956604,5.000000,19.727443
982,982,-36.971508,5.000000,5.059698
983,983,-5.233923,5.000000,30.853851
984,984,-45.788937,5.000000,-36.008363
985,985,-38.961348,5.000000,-29.590221
986,986,8.318081,5.000000,-3.874584
987,987,-46.402676,5.000000,-0.609432
988,988,-40.536346,5.000000,-36.181955
989,989,-48.730285,5.000000,15.158273
990,990,47.385745,5.000000,37.972841
991,991,43.108386,5.000000,13.193002
992,992,25.120094,5.000000,-45.758283
993,993,27.270531,5.000000,24.406239
994,994,-43.019771,5.000000,20.998677
995,995,34.388923,5.000000,-19.922193
996,996,0.653626,5.000000,3.139694
997,997,18.198130,5.000000,-17.742597
998,998,-14.188607,5.000000,-1.226855
999,999,49.383725,5.000000,-40.047396
