event_id,run_id,x,y,z,unit,true_x_cm,true_y_cm,true_z_cm
0,0,37.404225,5.000000,43.718928,cm,37.404225,5.000000,43.718928
1,1,47.701688,5.000000,22.787478,cm,47.701688,5.000000,22.787478
2,2,19.626053,5.000000,34.327928,cm,19.626053,5.000000,34.327928
3,3,0.803617,5.000000,23.404323,cm,0.803617,5.000000,23.404323
4,4,5.686177,5.000000,31.440868,cm,5.686177,5.000000,31.440868
5,5,10.841590,5.000000,28.437459,cm,10.841590,5.000000,28.437459
6,6,44.734563,5.000000,0.104968,cm,44.734563,5.000000,0.104968
7,7,44.673143,5.000000,38.467006,cm,44.673143,5.000000,38.467006
8,8,0.371960,5.000000,18.571013,cm,0.371960,5.000000,18.571013
9,9,27.834088,5.000000,3.673582,cm,27.834088,5.000000,3.673582
10,10,41.744191,5.000000,40.363385,cm,41.744191,5.000000,40.363385
11,11,34.482223,5.000000,46.496789,cm,34.482223,5.000000,46.496789
12,12,36.802883,5.000000,45.873989,cm,36.802883,5.000000,45.873989
13,13,27.284124,5.000000,38.248918,cm,27.284124,5.000000,38.248918
14,14,35.931596,5.000000,46.349894,cm,35.931596,5.000000,46.349894
15,15,2.540299,5.000000,11.601438,cm,2.540299,5.000000,11.601438
16,16,3.742882,5.000000,29.870405,cm,3.742882,5.000000,29.870405
17,17,39.008579,5.000000,12.336321,cm,39.008579,5.000000,12.336321
18,18,30.304379,5.000000,2.438858,cm,30.304379,5.000000,2.438858
19,19,12.039037,5.000000,40.012059,cm,12.039037,5.000000,40.012059
20,20,1.619384,5.000000,48.043225,cm,1.619384,5.000000,48.043225
21,21,47.163382,5.000000,17.554646,cm,47.163382,5.000000,17.554646
22,22,17.983000,5.000000,14.854200,cm,17.983000,5.000000,14.854200
23,23,37.586236,5.000000,30.117423,cm,37.586236,5.000000,30.117423
24,24,44.340391,5.000000,8.795780,cm,44.340391,5.000000,8.795780
25,25,0.655689,5.000000,32.184854,cm,0.655689,5.000000,32.184854
26,26,39.108633,5.000000,14.354581,cm,39.108633,5.000000,14.354581
27,27,23.342502,5.000000,13.577344,cm,23.342502,5.000000,13.577344
28,28,44.615231,5.000000,42.108253,cm,44.615231,5.000000,42.108253
29,29,34.123766,5.000000,7.047233,cm,34.123766,5.000000,7.047233
30,30,19.953813,5.000000,29.279430,cm,19.953813,5.000000,29.279430
31,31,38.927262,5.000000,45.584704,cm,38.927262,5.000000,45.584704
32,32,28.697951,5.000000,10.213239,cm,28.697951,5.000000,10.213239
33,33,38.023065,5.000000,13.334495,cm,38.023065,5.000000,13.334495
34,34,5.428191,5.000000,8.949352,cm,5.428191,5.000000,8.949352
35,35,47.655605,5.000000,11.066890,cm,47.655605,5.000000,11.066890
36,36,11.171013,5.000000,42.849112,cm,11.171013,5.000000,42.849112
37,37,30.017923,5.000000,19.189722,cm,30.017923,5.000000,19.189722
38,38,9.402066,5.000000,23.124054,cm,9.402066,5.000000,23.124054
39,39,42.612849,5.000000,7.405938,cm,42.612849,5.000000,7.405938
40,40,20.049145,5.000000,1.944641,cm,20.049145,5.000000,1.944641
41,41,27.184452,5.000000,21.633454,cm,27.184452,5.000000,21.633454
42,42,39.739759,5.000000,15.380630,cm,39.739759,5.000000,15.380630
43,43,23.597559,5.000000,42.831311,cm,23.597559,5.000000,42.831311
44,44,47.867552,5.000000,28.130194,cm,47.867552,5.000000,28.130194
45,45,39.174449,5.000000,45.426855,cm,39.174449,5.000000,45.426855
46,46,20.012686,5.000000,14.693327,cm,20.012686,5.000000,14.693327
47,47,47.447319,5.000000,13.379853,cm,47.447319,5.000000,13.379853
48,48,1.320699,5.000000,41.029207,cm,1.320699,5.000000,41.029207
49,49,47.374542,5.000000,4.970504,cm,47.374542,5.000000,4.970504
50,50,18.087091,5.000000,42.105658,cm,18.087091,5.000000,42.105658
51,51,48.081747,5.000000,43.095669,cm,48.081747,5.000000,43.095669
52,52,5.899771,5.000000,20.475244,cm,5.899771,5.000000,20.475244
53,53,5.009462,5.000000,12.814624,cm,5.009462,5.000000,12.814624
54,54,7.231163,5.000000,2.017158,cm,7.231163,5.000000,2.017158
55,55,19.913181,5.000000,9.803103,cm,19.913181,5.000000,9.803103
56,56,46.210705,5.000000,8.458665,cm,46.210705,5.000000,8.458665
57,57,45.922493,5.000000,37.047974,cm,45.922493,5.000000,37.047974
58,58,24.537444,5.000000,49.875565,cm,24.537444,5.000000,49.875565
59,59,16.353119,5.000000,48.872196,cm,16.353119,5.000000,48.872196
60,60,26.053410,5.000000,47.255069,cm,26.053410,5.000000,47.255069
61,61,6.579552,5.000000,7.348205,cm,6.579552,5.000000,7.348205
62,62,0.999310,5.000000,36.357229,cm,0.999310,5.000000,36.357229
63,63,19.978541,5.000000,28.006475,cm,19.978541,5.000000,28.006475
64,64,33.045329,5.000000,20.802954,cm,33.045329,5.000000,20.802954
65,65,6.820623,5.000000,45.813418,cm,6.820623,5.000000,45.813418
66,66,18.343230,5.000000,45.142197,cm,18.343230,5.000000,45.142197
67,67,42.077092,5.000000,36.928882,cm,42.077092,5.000000,36.928882
68,68,21.167700,5.000000,25.939193,cm,21.167700,5.000000,25.939193
69,69,42.238454,5.000000,0.095484,cm,42.238454,5.000000,0.095484
70,70,30.074739,5.000000,43.643291,cm,30.074739,5.000000,43.643291
71,71,3.193788,5.000000,20.453678,cm,3.193788,5.000000,20.453678
72,72,34.586432,5.000000,16.086731,cm,34.586432,5.000000,16.086731
73,73,0.407573,5.000000,34.057869,cm,0.407573,5.000000,34.057869
74,74,17.513415,5.000000,3.414465,cm,17.513415,5.000000,3.414465
75,75,7.941683,5.000000,11.291011,cm,7.941683,5.000000,11.291011
76,76,2.003944,5.000000,3.984545,cm,2.003944,5.000000,3.984545
77,77,41.844136,5.000000,31.165552,cm,41.844136,5.000000,31.165552
78,78,37.332505,5.000000,0.443534,cm,37.332505,5.000000,0.443534
79,79,1.799663,5.000000,27.464038,cm,1.799663,5.000000,27.464038
80,80,19.358134,5.000000,10.631177,cm,19.358134,5.000000,10.631177
81,81,12.228443,5.000000,14.702122,cm,12.228443,5.000000,14.702122
82,82,17.966356,5.000000,10.510646,cm,17.966356,5.000000,10.510646
83,83,35.013087,5.000000,46.048869,cm,35.013087,5.000000,46.048869
84,84,35.639468,5.000000,10.339410,cm,35.639468,5.000000,10.339410
85,85,18.030099,5.000000,37.372768,cm,18.030099,5.000000,37.372768
86,86,44.745655,5.000000,25.330838,cm,44.745655,5.000000,25.330838
87,87,17.042546,5.000000,43.860886,cm,17.042546,5.000000,43.860886
88,88,6.315424,5.000000,38.244638,cm,6.315424,5.000000,38.244638
89,89,35.216674,5.000000,7.683788,cm,35.216674,5.000000,7.683788
90,90,30.339097,5.000000,11.793172,cm,30.339097,5.000000,11.793172
91,91,37.330648,5.000000,17.860017,cm,37.330648,5.000000,17.860017
92,92,6.145664,5.000000,23.657588,cm,6.145664,5.000000,23.657588
93,93,1.416557,5.000000,25.982581,cm,1.416557,5.000000,25.982581
94,94,5.978951,5.000000,47.519394,cm,5.978951,5.000000,47.519394
95,95,14.188634,5.000000,19.898134,cm,14.188634,5.000000,19.898134
96,96,24.781783,5.000000,0.119374,cm,24.781783,5.000000,0.119374
97,97,38.846610,5.000000,33.468320,cm,38.846610,5.000000,33.468320
98,98,7.606081,5.000000,35.942514,cm,7.606081,5.000000,35.942514
99,99,8.240559,5.000000,26.651968,cm,8.240559,5.000000,26.651968
100,100,20.853343,5.000000,30.608387,cm,20.853343,5.000000,30.608387
101,101,38.224551,5.000000,26.815084,cm,38.224551,5.000000,26.815084
102,102,36.045653,5.000000,33.132847,cm,36.045653,5.000000,33.132847
103,103,41.660378,5.000000,19.664822,cm,41.660378,5.000000,19.664822
104,104,4.437582,5.000000,41.201846,cm,4.437582,5.000000,41.201846
105,105,38.599439,5.000000,25.519510,cm,38.599439,5.000000,25.519510
106,106,19.654385,5.000000,25.884502,cm,19.654385,5.000000,25.884502
107,107,18.146159,5.000000,18.935287,cm,18.146159,5.000000,18.935287
108,108,32.161716,5.000000,42.586535,cm,32.161716,5.000000,42.586535
109,109,19.350590,5.000000,30.236456,cm,19.350590,5.000000,30.236456
110,110,38.089553,5.000000,4.202754,cm,38.089553,5.000000,4.202754
111,111,9.205286,5.000000,31.311701,cm,9.205286,5.000000,31.311701
112,112,44.782527,5.000000,13.065950,cm,44.782527,5.000000,13.065950
113,113,41.581579,5.000000,49.090938,cm,41.581579,5.000000,49.090938
114,114,40.599117,5.000000,4.289448,cm,40.599117,5.000000,4.289448
115,115,34.199609,5.000000,28.677661,cm,34.199609,5.000000,28.677661
116,116,26.148589,5.000000,43.207212,cm,26.148589,5.000000,43.207212
117,117,0.788093,5.000000,31.282872,cm,0.788093,5.000000,31.282872
118,118,32.520725,5.000000,6.707494,cm,32.520725,5.000000,6.707494
119,119,43.500411,5.000000,40.308081,cm,43.500411,5.000000,40.308081
120,120,29.233380,5.000000,39.135702,cm,29.233380,5.000000,39.135702
121,121,10.691800,5.000000,29.362799,cm,10.691800,5.000000,29.362799
122,122,14.356178,5.000000,41.310506,cm,14.356178,5.000000,41.310506
123,123,1.983283,5.000000,41.825764,cm,1.983283,5.000000,41.825764
124,124,12.317253,5.000000,20.705662,cm,12.317253,5.000000,20.705662
125,125,39.159060,5.000000,43.681874,cm,39.159060,5.000000,43.681874
126,126,9.369885,5.000000,18.582572,cm,9.369885,5.000000,18.582572
127,127,4.216809,5.000000,33.781347,cm,4.216809,5.000000,33.781347
128,128,26.921575,5.000000,13.409076,cm,26.921575,5.000000,13.409076
129,129,49.720859,5.000000,25.087852,cm,49.720859,5.000000,25.087852
130,130,34.536925,5.000000,5.911413,cm,34.536925,5.000000,5.911413
131,131,30.647856,5.000000,36.904356,cm,30.647856,5.000000,36.904356
132,132,12.388630,5.000000,12.964839,cm,12.388630,5.000000,12.964839
133,133,47.439106,5.000000,35.497662,cm,47.439106,5.000000,35.497662
134,134,4.914915,5.000000,28.010786,cm,4.914915,5.000000,28.010786
135,135,6.441734,5.000000,40.469923,cm,6.441734,5.000000,40.469923
136,136,47.410279,5.000000,32.052460,cm,47.410279,5.000000,32.052460
137,137,45.730701,5.000000,48.740332,cm,45.730701,5.000000,48.740332
138,138,42.516341,5.000000,42.162386,cm,42.516341,5.000000,42.162386
139,139,49.375835,5.000000,11.112362,cm,49.375835,5.000000,11.112362
140,140,45.378344,5.000000,20.725789,cm,45.378344,5.000000,20.725789
141,141,28.491814,5.000000,26.028020,cm,28.491814,5.000000,26.028020
142,142,15.686184,5.000000,0.119614,cm,15.686184,5.000000,0.119614
143,143,9.415665,5.000000,9.179372,cm,9.415665,5.000000,9.179372
144,144,23.313976,5.000000,1.343069,cm,23.313976,5.000000,1.343069
145,145,15.688378,5.000000,28.773906,cm,15.688378,5.000000,28.773906
146,146,16.341920,5.000000,9.582095,cm,16.341920,5.000000,9.582095
147,147,3.744817,5.000000,38.269202,cm,3.744817,5.000000,38.269202
148,148,16.217634,5.000000,17.405791,cm,16.217634,5.000000,17.405791
149,149,3.487775,5.000000,41.373632,cm,3.487775,5.000000,41.373632
150,150,9.624556,5.000000,2.332919,cm,9.624556,5.000000,2.332919
151,151,11.273844,5.000000,9.859080,cm,11.273844,5.000000,9.859080
152,152,12.577703,5.000000,44.052995,cm,12.577703,5.000000,44.052995
153,153,12.961420,5.000000,38.389192,cm,12.961420,5.000000,38.389192
154,154,36.928717,5.000000,8.838455,cm,36.928717,5.000000,8.838455
155,155,11.958616,5.000000,17.461631,cm,11.958616,5.000000,17.461631
156,156,43.539626,5.000000,7.250715,cm,43.539626,5.000000,7.250715
157,157,21.453403,5.000000,40.858197,cm,21.453403,5.000000,40.858197
158,158,21.116640,5.000000,43.249441,cm,21.116640,5.000000,43.249441
159,159,3.312281,5.000000,7.633813,cm,3.312281,5.000000,7.633813
160,160,25.305645,5.000000,36.771308,cm,25.305645,5.000000,36.771308
161,161,32.104093,5.000000,6.697917,cm,32.104093,5.000000,6.697917
162,162,1.158781,5.000000,33.270286,cm,1.158781,5.000000,33.270286
163,163,17.565568,5.000000,30.404678,cm,17.565568,5.000000,30.404678
164,164,17.027058,5.000000,48.843620,cm,17.027058,5.000000,48.843620
165,165,11.269391,5.000000,47.162080,cm,11.269391,5.000000,47.162080
166,166,19.690181,5.000000,30.267146,cm,19.690181,5.000000,30.267146
167,167,41.296467,5.000000,2.422218,cm,41.296467,5.000000,2.422218
168,168,48.617717,5.000000,0.145537,cm,48.617717,5.000000,0.145537
169,169,30.687653,5.000000,22.777481,cm,30.687653,5.000000,22.777481
170,170,18.531888,5.000000,35.537478,cm,18.531888,5.000000,35.537478
171,171,8.946502,5.000000,37.390643,cm,8.946502,5.000000,37.390643
172,172,20.772635,5.000000,18.299215,cm,20.772635,5.000000,18.299215
173,173,22.810273,5.000000,21.691101,cm,22.810273,5.000000,21.691101
174,174,26.050706,5.000000,31.230470,cm,26.050706,5.000000,31.230470
175,175,25.202594,5.000000,0.723294,cm,25.202594,5.000000,0.723294
176,176,3.259405,5.000000,11.145344,cm,3.259405,5.000000,11.145344
177,177,11.039800,5.000000,1.844512,cm,11.039800,5.000000,1.844512
178,178,25.349183,5.000000,10.494343,cm,25.349183,5.000000,10.494343
179,179,45.275490,5.000000,22.236589,cm,45.275490,5.000000,22.236589
180,180,1.862310,5.000000,31.258656,cm,1.862310,5.000000,31.258656
181,181,18.694511,5.000000,13.288167,cm,18.694511,5.000000,13.288167
182,182,4.482103,5.000000,12.631338,cm,4.482103,5.000000,12.631338
183,183,23.124952,5.000000,40.759929,cm,23.124952,5.000000,40.759929
184,184,0.579243,5.000000,43.832310,cm,0.579243,5.000000,43.832310
185,185,5.706968,5.000000,27.977350,cm,5.706968,5.000000,27.977350
186,186,38.274461,5.000000,47.887436,cm,38.274461,5.000000,47.887436
187,187,33.229312,5.000000,45.057761,cm,33.229312,5.000000,45.057761
188,188,4.730162,5.000000,42.402522,cm,4.730162,5.000000,42.402522
189,189,2.442479,5.000000,12.194544,cm,2.442479,5.000000,12.194544
190,190,5.197064,5.000000,26.475947,cm,5.197064,5.000000,26.475947
191,191,0.469486,5.000000,1.366869,cm,0.469486,5.000000,1.366869
192,192,5.677447,5.000000,29.815260,cm,5.677447,5.000000,29.815260
193,193,45.351763,5.000000,28.972571,cm,45.351763,5.000000,28.972571
194,194,30.819083,5.000000,44.450998,cm,30.819083,5.000000,44.450998
195,195,42.996465,5.000000,4.053891,cm,42.996465,5.000000,4.053891
196,196,24.452945,5.000000,42.820175,cm,24.452945,5.000000,42.820175
197,197,20.669715,5.000000,35.404129,cm,20.669715,5.000000,35.404129
198,198,12.221591,5.000000,33.082426,cm,12.221591,5.000000,33.082426
199,199,37.127832,5.000000,46.300046,cm,37.127832,5.000000,46.300046
200,200,13.976248,5.000000,31.876094,cm,13.976248,5.000000,31.876094
201,201,42.560352,5.000000,45.560342,cm,42.560352,5.000000,45.560342
202,202,32.302742,5.000000,13.759730,cm,32.302742,5.000000,13.759730
203,203,34.408731,5.000000,12.700452,cm,34.408731,5.000000,12.700452
204,204,24.120728,5.000000,15.428242,cm,24.120728,5.000000,15.428242
205,205,41.233746,5.000000,0.148710,cm,41.233746,5.000000,0.148710
206,206,17.790495,5.000000,17.636478,cm,17.790495,5.000000,17.636478
207,207,8.564563,5.000000,23.117760,cm,8.564563,5.000000,23.117760
208,208,1.469885,5.000000,22.133994,cm,1.469885,5.000000,22.133994
209,209,24.596600,5.000000,19.278021,cm,24.596600,5.000000,19.278021
210,210,19.176309,5.000000,38.367579,cm,19.176309,5.000000,38.367579
211,211,25.934818,5.000000,38.654308,cm,25.934818,5.000000,38.654308
212,212,11.609724,5.000000,11.566214,cm,11.609724,5.000000,11.566214
213,213,22.065651,5.000000,42.396661,cm,22.065651,5.000000,42.396661
214,214,45.203649,5.000000,27.859629,cm,45.203649,5.000000,27.859629
215,215,29.607957,5.000000,14.953504,cm,29.607957,5.000000,14.953504
216,216,28.005425,5.000000,48.962134,cm,28.005425,5.000000,48.962134
217,217,19.880762,5.000000,43.927931,cm,19.880762,5.000000,43.927931
218,218,25.577193,5.000000,22.389356,cm,25.577193,5.000000,22.389356
219,219,26.644333,5.000000,40.526473,cm,26.644333,5.000000,40.526473
220,220,47.127313,5.000000,7.951912,cm,47.127313,5.000000,7.951912
221,221,21.429341,5.000000,22.641906,cm,21.429341,5.000000,22.641906
222,222,49.181776,5.000000,37.664054,cm,49.181776,5.000000,37.664054
223,223,47.300197,5.000000,11.290850,cm,47.300197,5.000000,11.290850
224,224,29.524089,5.000000,32.893369,cm,29.524089,5.000000,32.893369
225,225,2.159417,5.000000,43.200994,cm,2.159417,5.000000,43.200994
226,226,12.007618,5.000000,6.916588,cm,12.007618,5.000000,6.916588
227,227,36.552264,5.000000,25.746318,cm,36.552264,5.000000,25.746318
228,228,31.439338,5.000000,27.405430,cm,31.439338,5.000000,27.405430
229,229,28.797787,5.000000,21.542159,cm,28.797787,5.000000,21.542159
230,230,28.302747,5.000000,13.231294,cm,28.302747,5.000000,13.231294
231,231,2.250668,5.000000,18.775538,cm,2.250668,5.000000,18.775538
232,232,47.160894,5.000000,4.073551,cm,47.160894,5.000000,4.073551
233,233,10.504971,5.000000,41.930267,cm,10.504971,5.000000,41.930267
234,234,30.635364,5.000000,47.836476,cm,30.635364,5.000000,47.836476
235,235,9.701940,5.000000,29.248574,cm,9.701940,5.000000,29.248574
236,236,1.244772,5.000000,35.071729,cm,1.244772,5.000000,35.071729
237,237,19.139654,5.000000,26.131869,cm,19.139654,5.000000,26.131869
238,238,33.709894,5.000000,33.986640,cm,33.709894,5.000000,33.986640
239,239,33.395077,5.000000,4.624226,cm,33.395077,5.000000,4.624226
240,240,7.551663,5.000000,47.540365,cm,7.551663,5.000000,47.540365
241,241,26.135459,5.000000,32.635317,cm,26.135459,5.000000,32.635317
242,242,5.045279,5.000000,45.870590,cm,5.045279,5.000000,45.870590
243,243,19.289372,5.000000,32.298998,cm,19.289372,5.000000,32.298998
244,244,11.507127,5.000000,19.539423,cm,11.507127,5.000000,19.539423
245,245,33.008597,5.000000,20.020454,cm,33.008597,5.000000,20.020454
246,246,4.227023,5.000000,42.813848,cm,4.227023,5.000000,42.813848
247,247,21.594241,5.000000,23.116047,cm,21.594241,5.000000,23.116047
248,248,22.142733,5.000000,37.185520,cm,22.142733,5.000000,37.185520
249,249,43.831730,5.000000,49.609703,cm,43.831730,5.000000,49.609703
250,250,23.488574,5.000000,13.946119,cm,23.488574,5.000000,13.946119
251,251,2.410099,5.000000,20.403157,cm,2.410099,5.000000,20.403157
252,252,38.708826,5.000000,37.228894,cm,38.708826,5.000000,37.228894
253,253,19.134741,5.000000,38.183637,cm,19.134741,5.000000,38.183637
254,254,32.550611,5.000000,29.023576,cm,32.550611,5.000000,29.023576
255,255,35.691559,5.000000,42.828396,cm,35.691559,5.000000,42.828396
256,256,17.221175,5.000000,40.006468,cm,17.221175,5.000000,40.006468
257,257,25.718012,5.000000,15.382297,cm,25.718012,5.000000,15.382297
258,258,16.728816,5.000000,45.496784,cm,16.728816,5.000000,45.496784
259,259,40.324387,5.000000,44.570479,cm,40.324387,5.000000,44.570479
260,260,23.932763,5.000000,13.527155,cm,23.932763,5.000000,13.527155
261,261,37.830563,5.000000,1.748660,cm,37.830563,5.000000,1.748660
262,262,37.443073,5.000000,30.706228,cm,37.443073,5.000000,30.706228
263,263,15.867308,5.000000,44.946772,cm,15.867308,5.000000,44.946772
264,264,39.365669,5.000000,9.253254,cm,39.365669,5.000000,9.253254
265,265,36.427174,5.000000,33.366401,cm,36.427174,5.000000,33.366401
266,266,11.479908,5.000000,25.796379,cm,11.479908,5.000000,25.796379
267,267,23.616596,5.000000,14.705479,cm,23.616596,5.000000,14.705479
268,268,15.471560,5.000000,49.653587,cm,15.471560,5.000000,49.653587
269,269,28.637193,5.000000,34.054538,cm,28.637193,5.000000,34.054538
270,270,19.875084,5.000000,3.355450,cm,19.875084,5.000000,3.355450
271,271,23.337626,5.000000,44.936097,cm,23.337626,5.000000,44.936097
272,272,41.357029,5.000000,5.471558,cm,41.357029,5.000000,5.471558
273,273,17.968721,5.000000,45.390546,cm,17.968721,5.000000,45.390546
274,274,49.825360,5.000000,26.494238,cm,49.825360,5.000000,26.494238
275,275,49.345111,5.000000,19.685830,cm,49.345111,5.000000,19.685830
276,276,41.222466,5.000000,16.539077,cm,41.222466,5.000000,16.539077
277,277,37.375895,5.000000,31.909597,cm,37.375895,5.000000,31.909597
278,278,6.233400,5.000000,8.093292,cm,6.233400,5.000000,8.093292
279,279,33.613045,5.000000,18.230786,cm,33.613045,5.000000,18.230786
280,280,48.932941,5.000000,34.864646,cm,48.932941,5.000000,34.864646
281,281,43.576778,5.000000,20.817652,cm,43.576778,5.000000,20.817652
282,282,32.907745,5.000000,24.517926,cm,32.907745,5.000000,24.517926
283,283,4.078271,5.000000,36.149473,cm,4.078271,5.000000,36.149473
284,284,23.946328,5.000000,41.778057,cm,23.946328,5.000000,41.778057
285,285,46.754747,5.000000,7.500513,cm,46.754747,5.000000,7.500513
286,286,21.249577,5.000000,14.801639,cm,21.249577,5.000000,14.801639
287,287,7.992249,5.000000,21.854415,cm,7.992249,5.000000,21.854415
288,288,38.235121,5.000000,18.420392,cm,38.235121,5.000000,18.420392
289,289,49.903038,5.000000,37.128014,cm,49.903038,5.000000,37.128014
290,290,11.303712,5.000000,35.453154,cm,11.303712,5.000000,35.453154
291,291,17.646553,5.000000,29.096195,cm,17.646553,5.000000,29.096195
292,292,32.249301,5.000000,18.298349,cm,32.249301,5.000000,18.298349
293,293,13.780365,5.000000,25.439365,cm,13.780365,5.000000,25.439365
294,294,17.406802,5.000000,2.686597,cm,17.406802,5.000000,2.686597
295,295,34.705767,5.000000,29.842455,cm,34.705767,5.000000,29.842455
296,296,11.345309,5.000000,27.506684,cm,11.345309,5.000000,27.506684
297,297,26.746894,5.000000,21.421581,cm,26.746894,5.000000,21.421581
298,298,33.240270,5.000000,2.439926,cm,33.240270,5.000000,2.439926
299,299,31.116598,5.000000,37.253724,cm,31.116598,5.000000,37.253724
300,300,38.565999,5.000000,40.370686,cm,38.565999,5.000000,40.370686
301,301,17.704557,5.000000,31.406949,cm,17.704557,5.000000,31.406949
302,302,44.689497,5.000000,29.921984,cm,44.689497,5.000000,29.921984
303,303,22.054325,5.000000,7.005435,cm,22.054325,5.000000,7.005435
304,304,28.384214,5.000000,23.482831,cm,28.384214,5.000000,23.482831
305,305,11.752043,5.000000,40.107417,cm,11.752043,5.000000,40.107417
306,306,25.975135,5.000000,20.477390,cm,25.975135,5.000000,20.477390
307,307,1.297621,5.000000,5.128320,cm,1.297621,5.000000,5.128320
308,308,17.608136,5.000000,7.704061,cm,17.608136,5.000000,7.704061
309,309,23.233119,5.000000,16.409501,cm,23.233119,5.000000,16.409501
310,310,38.796803,5.000000,35.355787,cm,38.796803,5.000000,35.355787
311,311,2.801600,5.000000,2.476156,cm,2.801600,5.000000,2.476156
312,312,19.747905,5.000000,42.704613,cm,19.747905,5.000000,42.704613
313,313,14.016244,5.000000,7.844348,cm,14.016244,5.000000,7.844348
314,314,6.937067,5.000000,43.360997,cm,6.937067,5.000000,43.360997
315,315,49.627600,5.000000,15.222190,cm,49.627600,5.000000,15.222190
316,316,1.468185,5.000000,32.818324,cm,1.468185,5.000000,32.818324
317,317,18.177620,5.000000,37.404555,cm,18.177620,5.000000,37.404555
318,318,37.253458,5.000000,3.597760,cm,37.253458,5.000000,3.597760
319,319,32.426508,5.000000,37.367441,cm,32.426508,5.000000,37.367441
320,320,21.027693,5.000000,46.649357,cm,21.027693,5.000000,46.649357
321,321,23.376584,5.000000,5.164436,cm,23.376584,5.000000,5.164436
322,322,30.667899,5.000000,45.922163,cm,30.667899,5.000000,45.922163
323,323,41.993133,5.000000,35.498005,cm,41.993133,5.000000,35.498005
324,324,18.152960,5.000000,7.381908,cm,18.152960,5.000000,7.381908
325,325,49.288018,5.000000,24.317965,cm,49.288018,5.000000,24.317965
326,326,34.472115,5.000000,25.655726,cm,34.472115,5.000000,25.655726
327,327,49.201570,5.000000,34.834061,cm,49.201570,5.000000,34.834061
328,328,4.684814,5.000000,49.564161,cm,4.684814,5.000000,49.564161
329,329,0.812413,5.000000,48.021627,cm,0.812413,5.000000,48.021627
330,330,18.363110,5.000000,5.421951,cm,18.363110,5.000000,5.421951
331,331,25.641490,5.000000,4.338465,cm,25.641490,5.000000,4.338465
332,332,9.636044,5.000000,43.743051,cm,9.636044,5.000000,43.743051
333,333,18.177761,5.000000,9.506369,cm,18.177761,5.000000,9.506369
334,334,6.167241,5.000000,16.561562,cm,6.167241,5.000000,16.561562
335,335,47.228188,5.000000,24.629046,cm,47.228188,5.000000,24.629046
336,336,32.905680,5.000000,18.236838,cm,32.905680,5.000000,18.236838
337,337,10.065030,5.000000,10.040622,cm,10.065030,5.000000,10.040622
338,338,17.832176,5.000000,38.946022,cm,17.832176,5.000000,38.946022
339,339,12.805055,5.000000,2.548226,cm,12.805055,5.000000,2.548226
340,340,28.795488,5.000000,2.709643,cm,28.795488,5.000000,2.709643
341,341,49.922254,5.000000,12.033003,cm,49.922254,5.000000,12.033003
342,342,46.206365,5.000000,12.693472,cm,46.206365,5.000000,12.693472
343,343,17.598036,5.000000,38.139381,cm,17.598036,5.000000,38.139381
344,344,6.821570,5.000000,39.579690,cm,6.821570,5.000000,39.579690
345,345,1.173286,5.000000,49.636528,cm,1.173286,5.000000,49.636528
346,346,15.490960,5.000000,30.546122,cm,15.490960,5.000000,30.546122
347,347,49.129813,5.000000,22.360454,cm,49.129813,5.000000,22.360454
348,348,13.853300,5.000000,20.945408,cm,13.853300,5.000000,20.945408
349,349,47.451375,5.000000,17.094630,cm,47.451375,5.000000,17.094630
350,350,41.708320,5.000000,6.113867,cm,41.708320,5.000000,6.113867
351,351,35.145232,5.000000,25.390513,cm,35.145232,5.000000,25.390513
352,352,27.472510,5.000000,6.373332,cm,27.472510,5.000000,6.373332
353,353,18.659814,5.000000,11.791943,cm,18.659814,5.000000,11.791943
354,354,2.681935,5.000000,48.770688,cm,2.681935,5.000000,48.770688
355,355,46.590412,5.000000,28.805138,cm,46.590412,5.000000,28.805138
356,356,48.051844,5.000000,4.077927,cm,48.051844,5.000000,4.077927
357,357,4.350389,5.000000,24.893392,cm,4.350389,5.000000,24.893392
358,358,26.924891,5.000000,6.523808,cm,26.924891,5.000000,6.523808
359,359,27.781005,5.000000,5.676619,cm,27.781005,5.000000,5.676619
360,360,42.791765,5.000000,33.944133,cm,42.791765,5.000000,33.944133
361,361,40.237980,5.000000,10.783128,cm,40.237980,5.000000,10.783128
362,362,25.412120,5.000000,31.440001,cm,25.412120,5.000000,31.440001
363,363,31.105216,5.000000,48.786704,cm,31.105216,5.000000,48.786704
364,364,30.136171,5.000000,9.896069,cm,30.136171,5.000000,9.896069
365,365,9.073662,5.000000,0.545522,cm,9.073662,5.000000,0.545522
366,366,3.844207,5.000000,14.591324,cm,3.844207,5.000000,14.591324
367,367,19.234030,5.000000,49.518191,cm,19.234030,5.000000,49.518191
368,368,7.524190,5.000000,21.648328,cm,7.524190,5.000000,21.648328
369,369,10.482034,5.000000,3.327246,cm,10.482034,5.000000,3.327246
370,370,24.275037,5.000000,20.383042,cm,24.275037,5.000000,20.383042
371,371,41.211297,5.000000,43.522842,cm,41.211297,5.000000,43.522842
372,372,22.451140,5.000000,16.035185,cm,22.451140,5.000000,16.035185
373,373,38.063163,5.000000,8.497867,cm,38.063163,5.000000,8.497867
374,374,0.334429,5.000000,23.315583,cm,0.334429,5.000000,23.315583
375,375,14.866638,5.000000,13.517814,cm,14.866638,5.000000,13.517814
376,376,17.687317,5.000000,14.956394,cm,17.687317,5.000000,14.956394
377,377,41.151141,5.000000,33.382749,cm,41.151141,5.000000,33.382749
378,378,11.911785,5.000000,40.666010,cm,11.911785,5.000000,40.666010
379,379,6.413574,5.000000,9.051032,cm,6.413574,5.000000,9.051032
380,380,19.576192,5.000000,0.433371,cm,19.576192,5.000000,0.433371
381,381,9.308337,5.000000,48.845789,cm,9.308337,5.000000,48.845789
382,382,18.576906,5.000000,42.011652,cm,18.576906,5.000000,42.011652
383,383,15.169231,5.000000,25.675250,cm,15.169231,5.000000,25.675250
384,384,4.449169,5.000000,21.715573,cm,4.449169,5.000000,21.715573
385,385,34.457533,5.000000,49.252112,cm,34.457533,5.000000,49.252112
386,386,41.298308,5.000000,33.108536,cm,41.298308,5.000000,33.108536
387,387,4.471303,5.000000,47.956960,cm,4.471303,5.000000,47.956960
388,388,48.248215,5.000000,36.114241,cm,48.248215,5.000000,36.114241
389,389,35.625182,5.000000,1.387336,cm,35.625182,5.000000,1.387336
390,390,42.773038,5.000000,38.214411,cm,42.773038,5.000000,38.214411
391,391,21.677866,5.000000,27.845445,cm,21.677866,5.000000,27.845445
392,392,24.667787,5.000000,12.192081,cm,24.667787,5.000000,12.192081
393,393,30.122631,5.000000,17.288556,cm,30.122631,5.000000,17.288556
394,394,5.543140,5.000000,6.346204,cm,5.543140,5.000000,6.346204
395,395,11.653339,5.000000,6.705985,cm,11.653339,5.000000,6.705985
396,396,31.598867,5.000000,28.711922,cm,31.598867,5.000000,28.711922
397,397,37.165851,5.000000,35.494458,cm,37.165851,5.000000,35.494458
398,398,37.679596,5.000000,3.802374,cm,37.679596,5.000000,3.802374
399,399,13.108845,5.000000,28.760653,cm,13.108845,5.000000,28.760653
400,400,6.880251,5.000000,47.859531,cm,6.880251,5.000000,47.859531
401,401,6.256317,5.000000,18.782989,cm,6.256317,5.000000,18.782989
402,402,23.923697,5.000000,43.716544,cm,23.923697,5.000000,43.716544
403,403,38.412018,5.000000,19.042093,cm,38.412018,5.000000,19.042093
404,404,12.287382,5.000000,36.154511,cm,12.287382,5.000000,36.154511
405,405,13.547096,5.000000,21.538369,cm,13.547096,5.000000,21.538369
406,406,32.019426,5.000000,23.506892,cm,32.019426,5.000000,23.506892
407,407,7.406215,5.000000,14.892772,cm,7.406215,5.000000,14.892772
408,408,20.927229,5.000000,8.479852,cm,20.927229,5.000000,8.479852
409,409,39.197075,5.000000,13.448351,cm,39.197075,5.000000,13.448351
410,410,16.381709,5.000000,30.867502,cm,16.381709,5.000000,30.867502
411,411,6.084611,5.000000,44.475024,cm,6.084611,5.000000,44.475024
412,412,22.341607,5.000000,3.793661,cm,22.341607,5.000000,3.793661
413,413,1.002939,5.000000,23.414965,cm,1.002939,5.000000,23.414965
414,414,29.632260,5.000000,19.427423,cm,29.632260,5.000000,19.427423
415,415,22.508663,5.000000,21.381018,cm,22.508663,5.000000,21.381018
416,416,21.618939,5.000000,4.357179,cm,21.618939,5.000000,4.357179
417,417,30.497276,5.000000,24.435734,cm,30.497276,5.000000,24.435734
418,418,6.143555,5.000000,6.109875,cm,6.143555,5.000000,6.109875
419,419,19.625172,5.000000,12.032785,cm,19.625172,5.000000,12.032785
420,420,21.116923,5.000000,44.986886,cm,21.116923,5.000000,44.986886
421,421,21.986556,5.000000,4.893831,cm,21.986556,5.000000,4.893831
422,422,20.438727,5.000000,43.994788,cm,20.438727,5.000000,43.994788
423,423,26.617639,5.000000,10.217345,cm,26.617639,5.000000,10.217345
424,424,16.461458,5.000000,35.434606,cm,16.461458,5.000000,35.434606
425,425,33.079501,5.000000,49.813727,cm,33.079501,5.000000,49.813727
426,426,2.352278,5.000000,36.502590,cm,2.352278,5.000000,36.502590
427,427,44.692065,5.000000,36.861923,cm,44.692065,5.000000,36.861923
428,428,1.511363,5.000000,4.877406,cm,1.511363,5.000000,4.877406
429,429,25.527327,5.000000,12.860346,cm,25.527327,5.000000,12.860346
430,430,39.016201,5.000000,10.915336,cm,39.016201,5.000000,10.915336
431,431,12.089891,5.000000,23.501675,cm,12.089891,5.000000,23.501675
432,432,24.798476,5.000000,6.805428,cm,24.798476,5.000000,6.805428
433,433,47.274244,5.000000,11.604183,cm,47.274244,5.000000,11.604183
434,434,10.308410,5.000000,36.035444,cm,10.308410,5.000000,36.035444
435,435,13.656429,5.000000,34.791768,cm,13.656429,5.000000,34.791768
436,436,41.053421,5.000000,44.709276,cm,41.053421,5.000000,44.709276
437,437,16.225006,5.000000,23.378745,cm,16.225006,5.000000,23.378745
438,438,36.566062,5.000000,37.322049,cm,36.566062,5.000000,37.322049
439,439,49.363717,5.000000,20.566386,cm,49.363717,5.000000,20.566386
440,440,8.165652,5.000000,4.571019,cm,8.165652,5.000000,4.571019
441,441,4.766727,5.000000,27.213159,cm,4.766727,5.000000,27.213159
442,442,31.433427,5.000000,42.521175,cm,31.433427,5.000000,42.521175
443,443,44.051519,5.000000,28.642661,cm,44.051519,5.000000,28.642661
444,444,9.112129,5.000000,6.660785,cm,9.112129,5.000000,6.660785
445,445,27.879904,5.000000,20.903151,cm,27.879904,5.000000,20.903151
446,446,7.909667,5.000000,13.518880,cm,7.909667,5.000000,13.518880
447,447,0.247478,5.000000,15.508221,cm,0.247478,5.000000,15.508221
448,448,14.210111,5.000000,14.970070,cm,14.210111,5.000000,14.970070
449,449,24.223700,5.000000,13.061968,cm,24.223700,5.000000,13.061968
450,450,32.376298,5.000000,31.182092,cm,32.376298,5.000000,31.182092
451,451,31.835809,5.000000,10.012541,cm,31.835809,5.000000,10.012541
452,452,47.262573,5.000000,23.269429,cm,47.262573,5.000000,23.269429
453,453,15.984542,5.000000,48.002444,cm,15.984542,5.000000,48.002444
454,454,48.058395,5.000000,42.187583,cm,48.058395,5.000000,42.187583
455,455,5.964872,5.000000,32.617032,cm,5.964872,5.000000,32.617032
456,456,40.768767,5.000000,12.295022,cm,40.768767,5.000000,12.295022
457,457,18.139273,5.000000,28.711087,cm,18.139273,5.000000,28.711087
458,458,0.324916,5.000000,47.223786,cm,0.324916,5.000000,47.223786
459,459,27.474436,5.000000,15.404491,cm,27.474436,5.000000,15.404491
460,460,22.553272,5.000000,22.262626,cm,22.553272,5.000000,22.262626
461,461,38.326445,5.000000,2.230264,cm,38.326445,5.000000,2.230264
462,462,28.813449,5.000000,12.303092,cm,28.813449,5.000000,12.303092
463,463,5.845502,5.000000,28.124706,cm,5.845502,5.000000,28.124706
464,464,4.623832,5.000000,20.082294,cm,4.623832,5.000000,20.082294
465,465,32.243621,5.000000,25.350574,cm,32.243621,5.000000,25.350574
466,466,20.364637,5.000000,12.723998,cm,20.364637,5.000000,12.723998
467,467,8.660821,5.000000,19.044337,cm,8.660821,5.000000,19.044337
468,468,27.571551,5.000000,31.747586,cm,27.571551,5.000000,31.747586
469,469,21.145607,5.000000,2.402462,cm,21.145607,5.000000,2.402462
470,470,21.790473,5.000000,25.101947,cm,21.790473,5.000000,25.101947
471,471,47.671553,5.000000,0.904458,cm,47.671553,5.000000,0.904458
472,472,4.653569,5.000000,25.754563,cm,4.653569,5.000000,25.754563
473,473,9.190324,5.000000,43.008030,cm,9.190324,5.000000,43.008030
474,474,15.851370,5.000000,39.605173,cm,15.851370,5.000000,39.605173
475,475,49.327304,5.000000,39.364059,cm,49.327304,5.000000,39.364059
476,476,43.530176,5.000000,25.520437,cm,43.530176,5.000000,25.520437
477,477,15.400146,5.000000,35.035326,cm,15.400146,5.000000,35.035326
478,478,0.008397,5.000000,21.767650,cm,0.008397,5.000000,21.767650
479,479,17.298808,5.000000,18.117137,cm,17.298808,5.000000,18.117137
480,480,10.280073,5.000000,38.612279,cm,10.280073,5.000000,38.612279
481,481,45.506328,5.000000,1.681736,cm,45.506328,5.000000,1.681736
482,482,21.739035,5.000000,14.699776,cm,21.739035,5.000000,14.699776
483,483,11.626754,5.000000,24.387953,cm,11.626754,5.000000,24.387953
484,484,13.461243,5.000000,4.237916,cm,13.461243,5.000000,4.237916
485,485,39.582784,5.000000,19.984211,cm,39.582784,5.000000,19.984211
486,486,18.120536,5.000000,44.492815,cm,18.120536,5.000000,44.492815
487,487,42.801002,5.000000,6.265841,cm,42.801002,5.000000,6.265841
488,488,2.720166,5.000000,14.189474,cm,2.720166,5.000000,14.189474
489,489,9.976321,5.000000,41.934609,cm,9.976321,5.000000,41.934609
490,490,28.773194,5.000000,44.098707,cm,28.773194,5.000000,44.098707
491,491,35.085002,5.000000,19.923736,cm,35.085002,5.000000,19.923736
492,492,6.641544,5.000000,8.800654,cm,6.641544,5.000000,8.800654
493,493,23.503010,5.000000,14.291605,cm,23.503010,5.000000,14.291605
494,494,43.412508,5.000000,5.631700,cm,43.412508,5.000000,5.631700
495,495,0.182828,5.000000,29.209501,cm,0.182828,5.000000,29.209501
496,496,19.122163,5.000000,45.826507,cm,19.122163,5.000000,45.826507
497,497,17.127538,5.000000,2.087678,cm,17.127538,5.000000,2.087678
498,498,10.866200,5.000000,4.986045,cm,10.866200,5.000000,4.986045
499,499,9.843526,5.000000,47.652980,cm,9.843526,5.000000,47.652980
500,500,10.988696,5.000000,26.723114,cm,10.988696,5.000000,26.723114
501,501,42.975455,5.000000,15.350282,cm,42.975455,5.000000,15.350282
502,502,43.242847,5.000000,36.181357,cm,43.242847,5.000000,36.181357
503,503,42.681642,5.000000,35.502688,cm,42.681642,5.000000,35.502688
504,504,11.660397,5.000000,17.685136,cm,11.660397,5.000000,17.685136
505,505,37.079746,5.000000,22.212055,cm,37.079746,5.000000,22.212055
506,506,2.067456,5.000000,12.466554,cm,2.067456,5.000000,12.466554
507,507,12.484816,5.000000,7.873691,cm,12.484816,5.000000,7.873691
508,508,36.158923,5.000000,8.441011,cm,36.158923,5.000000,8.441011
509,509,15.847066,5.000000,32.586546,cm,15.847066,5.000000,32.586546
510,510,0.333090,5.000000,36.395465,cm,0.333090,5.000000,36.395465
511,511,0.417091,5.000000,17.021701,cm,0.417091,5.000000,17.021701
512,512,17.835155,5.000000,46.836667,cm,17.835155,5.000000,46.836667
513,513,27.343789,5.000000,11.568226,cm,27.343789,5.000000,11.568226
514,514,30.605275,5.000000,32.968051,cm,30.605275,5.000000,32.968051
515,515,17.915582,5.000000,29.712532,cm,17.915582,5.000000,29.712532
516,516,25.660834,5.000000,31.023682,cm,25.660834,5.000000,31.023682
517,517,36.605345,5.000000,37.588072,cm,36.605345,5.000000,37.588072
518,518,28.717976,5.000000,30.435365,cm,28.717976,5.000000,30.435365
519,519,43.980607,5.000000,21.942540,cm,43.980607,5.000000,21.942540
520,520,28.312499,5.000000,46.075342,cm,28.312499,5.000000,46.075342
521,521,16.749988,5.000000,43.617367,cm,16.749988,5.000000,43.617367
522,522,10.495897,5.000000,39.885242,cm,10.495897,5.000000,39.885242
523,523,24.321277,5.000000,14.126282,cm,24.321277,5.000000,14.126282
524,524,10.356536,5.000000,40.320195,cm,10.356536,5.000000,40.320195
525,525,6.338448,5.000000,31.557253,cm,6.338448,5.000000,31.557253
526,526,0.449868,5.000000,26.497144,cm,0.449868,5.000000,26.497144
527,527,25.278839,5.000000,4.142364,cm,25.278839,5.000000,4.142364
528,528,4.595587,5.000000,46.924120,cm,4.595587,5.000000,46.924120
529,529,3.197937,5.000000,2.953236,cm,3.197937,5.000000,2.953236
530,530,35.940909,5.000000,36.335332,cm,35.940909,5.000000,36.335332
531,531,10.407296,5.000000,43.939545,cm,10.407296,5.000000,43.939545
532,532,43.527470,5.000000,33.215974,cm,43.527470,5.000000,33.215974
533,533,49.342530,5.000000,20.998885,cm,49.342530,5.000000,20.998885
534,534,19.309874,5.000000,29.430818,cm,19.309874,5.000000,29.430818
535,535,35.263847,5.000000,32.288662,cm,35.263847,5.000000,32.288662
536,536,6.955998,5.000000,48.763895,cm,6.955998,5.000000,48.763895
537,537,28.997546,5.000000,1.808881,cm,28.997546,5.000000,1.808881
538,538,35.326518,5.000000,34.780560,cm,35.326518,5.000000,34.780560
539,539,36.580090,5.000000,46.549669,cm,36.580090,5.000000,46.549669
540,540,23.083865,5.000000,33.208201,cm,23.083865,5.000000,33.208201
541,541,34.331027,5.000000,45.567873,cm,34.331027,5.000000,45.567873
542,542,1.683057,5.000000,18.819580,cm,1.683057,5.000000,18.819580
543,543,46.350963,5.000000,30.252200,cm,46.350963,5.000000,30.252200
544,544,41.585924,5.000000,2.416150,cm,41.585924,5.000000,2.416150
545,545,0.589129,5.000000,45.701203,cm,0.589129,5.000000,45.701203
546,546,28.419026,5.000000,28.879106,cm,28.419026,5.000000,28.879106
547,547,15.671725,5.000000,8.045274,cm,15.671725,5.000000,8.045274
548,548,8.142345,5.000000,41.350239,cm,8.142345,5.000000,41.350239
549,549,15.772652,5.000000,34.323722,cm,15.772652,5.000000,34.323722
550,550,5.063488,5.000000,8.680192,cm,5.063488,5.000000,8.680192
551,551,28.633309,5.000000,36.995567,cm,28.633309,5.000000,36.995567
552,552,13.591754,5.000000,48.899272,cm,13.591754,5.000000,48.899272
553,553,38.575816,5.000000,27.491325,cm,38.575816,5.000000,27.491325
554,554,45.037641,5.000000,28.026632,cm,45.037641,5.000000,28.026632
555,555,1.336352,5.000000,25.304632,cm,1.336352,5.000000,25.304632
556,556,30.179375,5.000000,43.709141,cm,30.179375,5.000000,43.709141
557,557,24.757698,5.000000,12.568387,cm,24.757698,5.000000,12.568387
558,558,6.265309,5.000000,26.913992,cm,6.265309,5.000000,26.913992
559,559,2.846207,5.000000,22.801130,cm,2.846207,5.000000,22.801130
560,560,3.155945,5.000000,35.462130,cm,3.155945,5.000000,35.462130
561,561,41.539281,5.000000,26.777067,cm,41.539281,5.000000,26.777067
562,562,30.521198,5.000000,36.182908,cm,30.521198,5.000000,36.182908
563,563,46.322257,5.000000,23.827328,cm,46.322257,5.000000,23.827328
564,564,22.339240,5.000000,25.619601,cm,22.339240,5.000000,25.619601
565,565,0.788449,5.000000,42.021005,cm,0.788449,5.000000,42.021005
566,566,19.731740,5.000000,25.732655,cm,19.731740,5.000000,25.732655
567,567,28.744954,5.000000,20.149917,cm,28.744954,5.000000,20.149917
568,568,2.887262,5.000000,21.922588,cm,2.887262,5.000000,21.922588
569,569,27.441783,5.000000,37.311772,cm,27.441783,5.000000,37.311772
570,570,21.444685,5.000000,18.883055,cm,21.444685,5.000000,18.883055
571,571,22.331296,5.000000,47.035132,cm,22.331296,5.000000,47.035132
572,572,13.751417,5.000000,29.868716,cm,13.751417,5.000000,29.868716
573,573,49.671022,5.000000,41.095656,cm,49.671022,5.000000,41.095656
574,574,25.261640,5.000000,4.563286,cm,25.261640,5.000000,4.563286
575,575,13.111662,5.000000,43.274563,cm,13.111662,5.000000,43.274563
576,576,29.485196,5.000000,28.984077,cm,29.485196,5.000000,28.984077
577,577,33.723883,5.000000,12.737008,cm,33.723883,5.000000,12.737008
578,578,29.559016,5.000000,5.879423,cm,29.559016,5.000000,5.879423
579,579,5.194501,5.000000,39.632478,cm,5.194501,5.000000,39.632478
580,580,6.362112,5.000000,9.168020,cm,6.362112,5.000000,9.168020
581,581,48.957318,5.000000,34.627309,cm,48.957318,5.000000,34.627309
582,582,42.543769,5.000000,17.795324,cm,42.543769,5.000000,17.795324
583,583,6.256743,5.000000,5.409593,cm,6.256743,5.000000,5.409593
584,584,13.041899,5.000000,19.721446,cm,13.041899,5.000000,19.721446
585,585,22.230658,5.000000,0.343983,cm,22.230658,5.000000,0.343983
586,586,17.156871,5.000000,24.573751,cm,17.156871,5.000000,24.573751
587,587,44.328325,5.000000,40.152241,cm,44.328325,5.000000,40.152241
588,588,9.015620,5.000000,27.966591,cm,9.015620,5.000000,27.966591
589,589,22.827239,5.000000,5.092190,cm,22.827239,5.000000,5.092190
590,590,11.747072,5.000000,39.431535,cm,11.747072,5.000000,39.431535
591,591,9.795356,5.000000,49.268711,cm,9.795356,5.000000,49.268711
592,592,16.670945,5.000000,7.351143,cm,16.670945,5.000000,7.351143
593,593,47.999619,5.000000,1.890941,cm,47.999619,5.000000,1.890941
594,594,4.302411,5.000000,20.375399,cm,4.302411,5.000000,20.375399
595,595,41.786204,5.000000,38.333183,cm,41.786204,5.000000,38.333183
596,596,33.455397,5.000000,29.327474,cm,33.455397,5.000000,29.327474
597,597,49.962204,5.000000,37.257789,cm,49.962204,5.000000,37.257789
598,598,36.138680,5.000000,27.746829,cm,36.138680,5.000000,27.746829
599,599,21.695129,5.000000,15.579673,cm,21.695129,5.000000,15.579673
600,600,40.350896,5.000000,29.499295,cm,40.350896,5.000000,29.499295
601,601,10.257380,5.000000,6.381724,cm,10.257380,5.000000,6.381724
602,602,30.435027,5.000000,33.041345,cm,30.435027,5.000000,33.041345
603,603,49.050275,5.000000,13.331833,cm,49.050275,5.000000,13.331833
604,604,48.823232,5.000000,31.423085,cm,48.823232,5.000000,31.423085
605,605,0.715492,5.000000,9.029363,cm,0.715492,5.000000,9.029363
606,606,13.958126,5.000000,36.946927,cm,13.958126,5.000000,36.946927
607,607,3.684073,5.000000,21.625863,cm,3.684073,5.000000,21.625863
608,608,25.642435,5.000000,4.616988,cm,25.642435,5.000000,4.616988
609,609,48.640718,5.000000,8.868143,cm,48.640718,5.000000,8.868143
610,610,23.440834,5.000000,12.194190,cm,23.440834,5.000000,12.194190
611,611,10.122339,5.000000,13.488073,cm,10.122339,5.000000,13.488073
612,612,3.271067,5.000000,39.050108,cm,3.271067,5.000000,39.050108
613,613,5.854151,5.000000,20.269432,cm,5.854151,5.000000,20.269432
614,614,28.255292,5.000000,7.042634,cm,28.255292,5.000000,7.042634
615,615,16.378366,5.000000,19.652445,cm,16.378366,5.000000,19.652445
616,616,0.039507,5.000000,18.720178,cm,0.039507,5.000000,18.720178
617,617,47.222109,5.000000,13.503667,cm,47.222109,5.000000,13.503667
618,618,0.546710,5.000000,21.956007,cm,0.546710,5.000000,21.956007
619,619,9.520832,5.000000,2.485524,cm,9.520832,5.000000,2.485524
620,620,17.054778,5.000000,41.561994,cm,17.054778,5.000000,41.561994
621,621,31.478512,5.000000,42.247401,cm,31.478512,5.000000,42.247401
622,622,47.305333,5.000000,2.459913,cm,47.305333,5.000000,2.459913
623,623,3.102909,5.000000,9.271238,cm,3.102909,5.000000,9.271238
624,624,36.714707,5.000000,44.142347,cm,36.714707,5.000000,44.142347
625,625,39.192006,5.000000,7.000052,cm,39.192006,5.000000,7.000052
626,626,24.618285,5.000000,41.919693,cm,24.618285,5.000000,41.919693
627,627,42.616320,5.000000,6.495492,cm,42.616320,5.000000,6.495492
628,628,4.321428,5.000000,44.075091,cm,4.321428,5.000000,44.075091
629,629,33.347665,5.000000,26.831638,cm,33.347665,5.000000,26.831638
630,630,35.329940,5.000000,3.000246,cm,35.329940,5.000000,3.000246
631,631,2.340760,5.000000,5.205779,cm,2.340760,5.000000,5.205779
632,632,40.743432,5.000000,14.873839,cm,40.743432,5.000000,14.873839
633,633,19.671689,5.000000,8.936075,cm,19.671689,5.000000,8.936075
634,634,26.892864,5.000000,28.793283,cm,26.892864,5.000000,28.793283
635,635,37.619827,5.000000,43.441777,cm,37.619827,5.000000,43.441777
636,636,4.538268,5.000000,31.357157,cm,4.538268,5.000000,31.357157
637,637,43.026322,5.000000,23.236129,cm,43.026322,5.000000,23.236129
638,638,13.159460,5.000000,37.827326,cm,13.159460,5.000000,37.827326
639,639,27.313487,5.000000,46.407898,cm,27.313487,5.000000,46.407898
640,640,40.186690,5.000000,26.922076,cm,40.186690,5.000000,26.922076
641,641,42.071716,5.000000,4.953181,cm,42.071716,5.000000,4.953181
642,642,49.060284,5.000000,49.128178,cm,49.060284,5.000000,49.128178
643,643,1.973081,5.000000,42.233653,cm,1.973081,5.000000,42.233653
644,644,49.105114,5.000000,14.197122,cm,49.105114,5.000000,14.197122
645,645,11.886814,5.000000,29.208318,cm,11.886814,5.000000,29.208318
646,646,5.465135,5.000000,26.770661,cm,5.465135,5.000000,26.770661
647,647,8.983429,5.000000,10.981602,cm,8.983429,5.000000,10.981602
648,648,33.534254,5.000000,31.956714,cm,33.534254,5.000000,31.956714
649,649,41.782111,5.000000,16.594105,cm,41.782111,5.000000,16.594105
650,650,45.013443,5.000000,13.842755,cm,45.013443,5.000000,13.842755
651,651,20.396339,5.000000,17.775715,cm,20.396339,5.000000,17.775715
652,652,18.637526,5.000000,19.513623,cm,18.637526,5.000000,19.513623
653,653,9.159295,5.000000,3.932659,cm,9.159295,5.000000,3.932659
654,654,34.361866,5.000000,12.905879,cm,34.361866,5.000000,12.905879
655,655,27.057054,5.000000,11.382525,cm,27.057054,5.000000,11.382525
656,656,0.046784,5.000000,13.928176,cm,0.046784,5.000000,13.928176
657,657,19.144570,5.000000,33.859301,cm,19.144570,5.000000,33.859301
658,658,34.533189,5.000000,6.849094,cm,34.533189,5.000000,6.849094
659,659,38.206402,5.000000,35.498447,cm,38.206402,5.000000,35.498447
660,660,18.379325,5.000000,10.433374,cm,18.379325,5.000000,10.433374
661,661,47.130877,5.000000,2.803727,cm,47.130877,5.000000,2.803727
662,662,12.336555,5.000000,28.901687,cm,12.336555,5.000000,28.901687
663,663,16.024609,5.000000,32.608433,cm,16.024609,5.000000,32.608433
664,664,27.226832,5.000000,40.336939,cm,27.226832,5.000000,40.336939
665,665,20.473361,5.000000,32.658093,cm,20.473361,5.000000,32.658093
666,666,45.562316,5.000000,38.085701,cm,45.562316,5.000000,38.085701
667,667,32.486658,5.000000,20.047694,cm,32.486658,5.000000,20.047694
668,668,35.015124,5.000000,41.109402,cm,35.015124,5.000000,41.109402
669,669,45.566840,5.000000,10.589720,cm,45.566840,5.000000,10.589720
670,670,31.690666,5.000000,13.179354,cm,31.690666,5.000000,13.179354
671,671,12.642398,5.000000,18.436882,cm,12.642398,5.000000,18.436882
672,672,12.323573,5.000000,26.952598,cm,12.323573,5.000000,26.952598
673,673,17.324665,5.000000,30.418910,cm,17.324665,5.000000,30.418910
674,674,18.401807,5.000000,33.445443,cm,18.401807,5.000000,33.445443
675,675,40.986266,5.000000,4.100812,cm,40.986266,5.000000,4.100812
676,676,49.971824,5.000000,23.371435,cm,49.971824,5.000000,23.371435
677,677,31.244927,5.000000,49.486906,cm,31.244927,5.000000,49.486906
678,678,29.595443,5.000000,20.875482,cm,29.595443,5.000000,20.875482
679,679,10.252158,5.000000,34.358148,cm,10.252158,5.000000,34.358148
680,680,39.951463,5.000000,23.087664,cm,39.951463,5.000000,23.087664
681,681,36.785895,5.000000,41.655080,cm,36.785895,5.000000,41.655080
682,682,44.835840,5.000000,32.657743,cm,44.835840,5.000000,32.657743
683,683,29.143954,5.000000,42.201078,cm,29.143954,5.000000,42.201078
684,684,30.245919,5.000000,20.560928,cm,30.245919,5.000000,20.560928
685,685,39.762787,5.000000,46.399034,cm,39.762787,5.000000,46.399034
686,686,17.964101,5.000000,9.765717,cm,17.964101,5.000000,9.765717
687,687,4.397662,5.000000,6.858075,cm,4.397662,5.000000,6.858075
688,688,38.856654,5.000000,7.349292,cm,38.856654,5.000000,7.349292
689,689,12.458339,5.000000,10.263783,cm,12.458339,5.000000,10.263783
690,690,43.600435,5.000000,43.398901,cm,43.600435,5.000000,43.398901
691,691,7.720296,5.000000,9.296850,cm,7.720296,5.000000,9.296850
692,692,25.156192,5.000000,40.735638,cm,25.156192,5.000000,40.735638
693,693,34.200717,5.000000,45.043800,cm,34.200717,5.000000,45.043800
694,694,5.879411,5.000000,35.809098,cm,5.879411,5.000000,35.809098
695,695,16.120612,5.000000,34.653186,cm,16.120612,5.000000,34.653186
696,696,23.353338,5.000000,27.201615,cm,23.353338,5.000000,27.201615
697,697,1.930672,5.000000,34.843715,cm,1.930672,5.000000,34.843715
698,698,34.319449,5.000000,12.264076,cm,34.319449,5.000000,12.264076
699,699,11.504749,5.000000,9.557322,cm,11.504749,5.000000,9.557322
700,700,11.435690,5.000000,24.896245,cm,11.435690,5.000000,24.896245
701,701,38.482140,5.000000,10.000603,cm,38.482140,5.000000,10.000603
702,702,39.739235,5.000000,8.985326,cm,39.739235,5.000000,8.985326
703,703,27.844418,5.000000,25.108802,cm,27.844418,5.000000,25.108802
704,704,10.431865,5.000000,11.170509,cm,10.431865,5.000000,11.170509
705,705,14.282321,5.000000,22.864218,cm,14.282321,5.000000,22.864218
706,706,10.466409,5.000000,0.089404,cm,10.466409,5.000000,0.089404
707,707,23.749369,5.000000,4.967185,cm,23.749369,5.000000,4.967185
708,708,0.912050,5.000000,40.520539,cm,0.912050,5.000000,40.520539
709,709,23.091314,5.000000,48.569988,cm,23.091314,5.000000,48.569988
710,710,35.139974,5.000000,48.183432,cm,35.139974,5.000000,48.183432
711,711,25.408778,5.000000,10.358883,cm,25.408778,5.000000,10.358883
712,712,12.740707,5.000000,0.876910,cm,12.740707,5.000000,0.876910
713,713,7.693379,5.000000,22.575262,cm,7.693379,5.000000,22.575262
714,714,12.221265,5.000000,13.338753,cm,12.221265,5.000000,13.338753
715,715,5.791899,5.000000,7.221737,cm,5.791899,5.000000,7.221737
716,716,1.772373,5.000000,37.814242,cm,1.772373,5.000000,37.814242
717,717,33.286363,5.000000,12.587636,cm,33.286363,5.000000,12.587636
718,718,11.704324,5.000000,47.653142,cm,11.704324,5.000000,47.653142
719,719,2.338981,5.000000,23.424035,cm,2.338981,5.000000,23.424035
720,720,42.498901,5.000000,3.220612,cm,42.498901,5.000000,3.220612
721,721,47.443602,5.000000,23.974482,cm,47.443602,5.000000,23.974482
722,722,23.270590,5.000000,7.491416,cm,23.270590,5.000000,7.491416
723,723,28.527494,5.000000,0.862681,cm,28.527494,5.000000,0.862681
724,724,17.312352,5.000000,49.079898,cm,17.312352,5.000000,49.079898
725,725,42.511512,5.000000,34.643270,cm,42.511512,5.000000,34.643270
726,726,36.088158,5.000000,44.328232,cm,36.088158,5.000000,44.328232
727,727,38.051041,5.000000,36.602422,cm,38.051041,5.000000,36.602422
728,728,1.255745,5.000000,20.308667,cm,1.255745,5.000000,20.308667
729,729,14.472844,5.000000,0.745403,cm,14.472844,5.000000,0.745403
730,730,39.588225,5.000000,44.772332,cm,39.588225,5.000000,44.772332
731,731,21.684261,5.000000,49.857315,cm,21.684261,5.000000,49.857315
732,732,0.874248,5.000000,37.576379,cm,0.874248,5.000000,37.576379
733,733,11.661031,5.000000,27.188234,cm,11.661031,5.000000,27.188234
734,734,0.818776,5.000000,9.915345,cm,0.818776,5.000000,9.915345
735,735,3.379232,5.000000,47.432598,cm,3.379232,5.000000,47.432598
736,736,31.370390,5.000000,7.975301,cm,31.370390,5.000000,7.975301
737,737,47.476503,5.000000,4.799700,cm,47.476503,5.000000,4.799700
738,738,24.611315,5.000000,7.770829,cm,24.611315,5.000000,7.770829
739,739,16.805267,5.000000,27.784828,cm,16.805267,5.000000,27.784828
740,740,43.108630,5.000000,27.854782,cm,43.108630,5.000000,27.854782
741,741,47.658872,5.000000,8.361995,cm,47.658872,5.000000,8.361995
742,742,2.252440,5.000000,28.903174,cm,2.252440,5.000000,28.903174
743,743,30.953245,5.000000,11.404742,cm,30.953245,5.000000,11.404742
744,744,13.685909,5.000000,31.610082,cm,13.685909,5.000000,31.610082
745,745,38.991760,5.000000,47.200907,cm,38.991760,5.000000,47.200907
746,746,2.553481,5.000000,44.182638,cm,2.553481,5.000000,44.182638
747,747,35.791855,5.000000,5.540559,cm,35.791855,5.000000,5.540559
748,748,25.114242,5.000000,9.814415,cm,25.114242,5.000000,9.814415
749,749,48.275755,5.000000,30.834720,cm,48.275755,5.000000,30.834720
750,750,22.941699,5.000000,33.172718,cm,22.941699,5.000000,33.172718
751,751,46.090725,5.000000,12.692064,cm,46.090725,5.000000,12.692064
752,752,14.085958,5.000000,29.277150,cm,14.085958,5.000000,29.277150
753,753,29.576461,5.000000,25.467224,cm,29.576461,5.000000,25.467224
754,754,0.856540,5.000000,40.693026,cm,0.856540,5.000000,40.693026
755,755,22.809848,5.000000,7.911851,cm,22.809848,5.000000,7.911851
756,756,15.347987,5.000000,24.235428,cm,15.347987,5.000000,24.235428
757,757,17.186771,5.000000,4.928752,cm,17.186771,5.000000,4.928752
758,758,43.724870,5.000000,22.302132,cm,43.724870,5.000000,22.302132
759,759,13.553744,5.000000,22.613974,cm,13.553744,5.000000,22.613974
760,760,4.544885,5.000000,27.815755,cm,4.544885,5.000000,27.815755
761,761,43.187370,5.000000,30.309892,cm,43.187370,5.000000,30.309892
762,762,25.943883,5.000000,14.871720,cm,25.943883,5.000000,14.871720
763,763,42.572552,5.000000,22.568917,cm,42.572552,5.000000,22.568917
764,764,31.117362,5.000000,4.893607,cm,31.117362,5.000000,4.893607
765,765,17.476120,5.000000,33.264641,cm,17.476120,5.000000,33.264641
766,766,20.383405,5.000000,34.957043,cm,20.383405,5.000000,34.957043
767,767,45.487823,5.000000,16.231496,cm,45.487823,5.000000,16.231496
768,768,20.150474,5.000000,7.445086,cm,20.150474,5.000000,7.445086
769,769,7.959821,5.000000,49.596406,cm,7.959821,5.000000,49.596406
770,770,4.433162,5.000000,23.148902,cm,4.433162,5.000000,23.148902
771,771,17.308468,5.000000,15.860557,cm,17.308468,5.000000,15.860557
772,772,5.659797,5.000000,1.638258,cm,5.659797,5.000000,1.638258
773,773,7.251091,5.000000,33.728055,cm,7.251091,5.000000,33.728055
774,774,37.787930,5.000000,5.834299,cm,37.787930,5.000000,5.834299
775,775,22.029497,5.000000,35.270339,cm,22.029497,5.000000,35.270339
776,776,2.307805,5.000000,21.656309,cm,2.307805,5.000000,21.656309
777,777,49.645901,5.000000,18.260880,cm,49.645901,5.000000,18.260880
778,778,0.097428,5.000000,5.667225,cm,0.097428,5.000000,5.667225
779,779,14.619879,5.000000,31.115348,cm,14.619879,5.000000,31.115348
780,780,27.416377,5.000000,29.012581,cm,27.416377,5.000000,29.012581
781,781,25.817080,5.000000,7.273594,cm,25.817080,5.000000,7.273594
782,782,40.610958,5.000000,34.404041,cm,40.610958,5.000000,34.404041
783,783,22.261390,5.000000,13.825611,cm,22.261390,5.000000,13.825611
784,784,38.622475,5.000000,33.903277,cm,38.622475,5.000000,33.903277
785,785,30.910253,5.000000,10.311428,cm,30.910253,5.000000,10.311428
786,786,43.006379,5.000000,41.762334,cm,43.006379,5.000000,41.762334
787,787,35.217195,5.000000,15.798718,cm,35.217195,5.000000,15.798718
788,788,28.232851,5.000000,24.539472,cm,28.232851,5.000000,24.539472
789,789,17.787680,5.000000,15.854236,cm,17.787680,5.000000,15.854236
790,790,21.852210,5.000000,7.502962,cm,21.852210,5.000000,7.502962
791,791,36.131089,5.000000,43.385542,cm,36.131089,5.000000,43.385542
792,792,49.984519,5.000000,32.901476,cm,49.984519,5.000000,32.901476
793,793,20.590230,5.000000,40.758546,cm,20.590230,5.000000,40.758546
794,794,49.790046,5.000000,38.344031,cm,49.790046,5.000000,38.344031
795,795,31.858831,5.000000,5.610759,cm,31.858831,5.000000,5.610759
796,796,42.262532,5.000000,35.268711,cm,42.262532,5.000000,35.268711
797,797,29.712850,5.000000,1.500694,cm,29.712850,5.000000,1.500694
798,798,49.925325,5.000000,25.173728,cm,49.925325,5.000000,25.173728
799,799,32.605380,5.000000,34.054449,cm,32.605380,5.000000,34.054449
800,800,45.352502,5.000000,9.975689,cm,45.352502,5.000000,9.975689
801,801,14.512056,5.000000,23.187755,cm,14.512056,5.000000,23.187755
802,802,8.059345,5.000000,21.903673,cm,8.059345,5.000000,21.903673
803,803,5.641468,5.000000,37.112147,cm,5.641468,5.000000,37.112147
804,804,45.130618,5.000000,30.917335,cm,45.130618,5.000000,30.917335
805,805,9.151701,5.000000,11.565526,cm,9.151701,5.000000,11.565526
806,806,38.610952,5.000000,10.605065,cm,38.610952,5.000000,10.605065
807,807,19.526654,5.000000,17.735476,cm,19.526654,5.000000,17.735476
808,808,30.833827,5.000000,46.210819,cm,30.833827,5.000000,46.210819
809,809,31.191678,5.000000,5.923312,cm,31.191678,5.000000,5.923312
810,810,10.787470,5.000000,9.243232,cm,10.787470,5.000000,9.243232
811,811,30.234908,5.000000,49.104633,cm,30.234908,5.000000,49.104633
812,812,32.005911,5.000000,27.935503,cm,32.005911,5.000000,27.935503
813,813,37.553885,5.000000,8.824268,cm,37.553885,5.000000,8.824268
814,814,33.256977,5.000000,48.130035,cm,33.256977,5.000000,48.130035
815,815,0.565264,5.000000,35.641207,cm,0.565264,5.000000,35.641207
816,816,3.539782,5.000000,34.214557,cm,3.539782,5.000000,34.214557
817,817,8.010733,5.000000,39.546866,cm,8.010733,5.000000,39.546866
818,818,25.163315,5.000000,21.182918,cm,25.163315,5.000000,21.182918
819,819,3.274546,5.000000,22.838033,cm,3.274546,5.000000,22.838033
820,820,38.403648,5.000000,45.174568,cm,38.403648,5.000000,45.174568
821,821,23.507035,5.000000,36.072129,cm,23.507035,5.000000,36.072129
822,822,44.055224,5.000000,49.585269,cm,44.055224,5.000000,49.585269
823,823,47.159992,5.000000,0.939719,cm,47.159992,5.000000,0.939719
824,824,0.198669,5.000000,36.577304,cm,0.198669,5.000000,36.577304
825,825,33.768306,5.000000,22.140209,cm,33.768306,5.000000,22.140209
826,826,13.781620,5.000000,14.324844,cm,13.781620,5.000000,14.324844
827,827,15.647654,5.000000,40.545665,cm,15.647654,5.000000,40.545665
828,828,12.501990,5.000000,9.052863,cm,12.501990,5.000000,9.052863
829,829,31.485615,5.000000,13.801618,cm,31.485615,5.000000,13.801618
830,830,14.899845,5.000000,44.468917,cm,14.899845,5.000000,44.468917
831,831,40.923172,5.000000,27.954931,cm,40.923172,5.000000,27.954931
832,832,38.805651,5.000000,35.583448,cm,38.805651,5.000000,35.583448
833,833,9.452892,5.000000,13.295209,cm,9.452892,5.000000,13.295209
834,834,16.596455,5.000000,10.739133,cm,16.596455,5.000000,10.739133
835,835,3.493296,5.000000,34.974418,cm,3.493296,5.000000,34.974418
836,836,11.899301,5.000000,26.014664,cm,11.899301,5.000000,26.014664
837,837,25.919470,5.000000,23.978857,cm,25.919470,5.000000,23.978857
838,838,9.812517,5.000000,48.584499,cm,9.812517,5.000000,48.584499
839,839,10.539868,5.000000,4.438700,cm,10.539868,5.000000,4.438700
840,840,3.495986,5.000000,19.718998,cm,3.495986,5.000000,19.718998
841,841,46.591180,5.000000,45.446209,cm,46.591180,5.000000,45.446209
842,842,12.274503,5.000000,33.819522,cm,12.274503,5.000000,33.819522
843,843,33.633403,5.000000,3.046600,cm,33.633403,5.000000,3.046600
844,844,49.133352,5.000000,4.528207,cm,49.133352,5.000000,4.528207
845,845,24.163994,5.000000,18.480945,cm,24.163994,5.000000,18.480945
846,846,6.452819,5.000000,21.612761,cm,6.452819,5.000000,21.612761
847,847,8.062222,5.000000,45.772744,cm,8.062222,5.000000,45.772744
848,848,29.094625,5.000000,19.396491,cm,29.094625,5.000000,19.396491
849,849,15.455895,5.000000,13.111846,cm,15.455895,5.000000,13.111846
850,850,45.802300,5.000000,3.524816,cm,45.802300,5.000000,3.524816
851,851,28.293238,5.000000,18.666122,cm,28.293238,5.000000,18.666122
852,852,36.532142,5.000000,23.068728,cm,36.532142,5.000000,23.068728
853,853,25.445030,5.000000,41.065408,cm,25.445030,5.000000,41.065408
854,854,41.397667,5.000000,35.173786,cm,41.397667,5.000000,35.173786
855,855,19.860796,5.000000,2.793805,cm,19.860796,5.000000,2.793805
856,856,9.594466,5.000000,30.197984,cm,9.594466,5.000000,30.197984
857,857,39.623073,5.000000,18.492062,cm,39.623073,5.000000,18.492062
858,858,46.251466,5.000000,9.339439,cm,46.251466,5.000000,9.339439
859,859,0.848625,5.000000,47.456370,cm,0.848625,5.000000,47.456370
860,860,0.944595,5.000000,1.853772,cm,0.944595,5.000000,1.853772
861,861,41.527600,5.000000,43.069894,cm,41.527600,5.000000,43.069894
862,862,26.586230,5.000000,16.369328,cm,26.586230,5.000000,16.369328
863,863,17.782577,5.000000,41.565810,cm,17.782577,5.000000,41.565810
864,864,23.642419,5.000000,26.153038,cm,23.642419,5.000000,26.153038
865,865,45.678960,5.000000,43.322727,cm,45.678960,5.000000,43.322727
866,866,15.779572,5.000000,35.408029,cm,15.779572,5.000000,35.408029
867,867,5.047076,5.000000,10.651679,cm,5.047076,5.000000,10.651679
868,868,43.941600,5.000000,23.470317,cm,43.941600,5.000000,23.470317
869,869,21.851182,5.000000,26.694120,cm,21.851182,5.000000,26.694120
870,870,11.718498,5.000000,23.470453,cm,11.718498,5.000000,23.470453
871,871,40.266792,5.000000,37.559427,cm,40.266792,5.000000,37.559427
872,872,42.176883,5.000000,20.621288,cm,42.176883,5.000000,20.621288
873,873,30.873824,5.000000,14.766257,cm,30.873824,5.000000,14.766257
874,874,28.643301,5.000000,0.602219,cm,28.643301,5.000000,0.602219
875,875,23.578277,5.000000,2.440691,cm,23.578277,5.000000,2.440691
876,876,49.414854,5.000000,34.451994,cm,49.414854,5.000000,34.451994
877,877,49.729348,5.000000,10.150814,cm,49.729348,5.000000,10.150814
878,878,8.032762,5.000000,24.389398,cm,8.032762,5.000000,24.389398
879,879,0.290397,5.000000,34.003653,cm,0.290397,5.000000,34.003653
880,880,34.251516,5.000000,34.238872,cm,34.251516,5.000000,34.238872
881,881,33.537875,5.000000,5.080853,cm,33.537875,5.000000,5.080853
882,882,33.031293,5.000000,5.561644,cm,33.031293,5.000000,5.561644
883,883,37.845555,5.000000,46.542417,cm,37.845555,5.000000,46.542417
884,884,12.975752,5.000000,27.769687,cm,12.975752,5.000000,27.769687
885,885,3.631822,5.000000,24.774562,cm,3.631822,5.000000,24.774562
886,886,8.646604,5.000000,34.555173,cm,8.646604,5.000000,34.555173
887,887,40.709842,5.000000,34.594018,cm,40.709842,5.000000,34.594018
888,888,17.863413,5.000000,30.453172,cm,17.863413,5.000000,30.453172
889,889,12.513387,5.000000,2.896701,cm,12.513387,5.000000,2.896701
890,890,24.173020,5.000000,39.050530,cm,24.173020,5.000000,39.050530
891,891,16.091678,5.000000,9.509127,cm,16.091678,5.000000,9.509127
892,892,34.373046,5.000000,21.126829,cm,34.373046,5.000000,21.126829
893,893,4.993489,5.000000,28.160110,cm,4.993489,5.000000,28.160110
894,894,6.252874,5.000000,11.753606,cm,6.252874,5.000000,11.753606
895,895,36.069697,5.000000,44.790682,cm,36.069697,5.000000,44.790682
896,896,27.719969,5.000000,37.439027,cm,27.719969,5.000000,37.439027
897,897,14.327915,5.000000,47.060162,cm,14.327915,5.000000,47.060162
898,898,8.987844,5.000000,47.291348,cm,8.987844,5.000000,47.291348
899,899,26.124437,5.000000,30.574762,cm,26.124437,5.000000,30.574762
900,900,48.925883,5.000000,0.800560,cm,48.925883,5.000000,0.800560
901,901,22.617506,5.000000,25.260402,cm,22.617506,5.000000,25.260402
902,902,18.773890,5.000000,22.919301,cm,18.773890,5.000000,22.919301
903,903,20.495216,5.000000,45.262874,cm,20.495216,5.000000,45.262874
904,904,16.473443,5.000000,29.989413,cm,16.473443,5.000000,29.989413
905,905,22.327364,5.000000,11.631270,cm,22.327364,5.000000,11.631270
906,906,1.164976,5.000000,35.197978,cm,1.164976,5.000000,35.197978
907,907,24.747466,5.000000,6.573377,cm,24.747466,5.000000,6.573377
908,908,4.409137,5.000000,19.856933,cm,4.409137,5.000000,19.856933
909,909,32.992684,5.000000,16.709742,cm,32.992684,5.000000,16.709742
910,910,25.875633,5.000000,35.700191,cm,25.875633,5.000000,35.700191
911,911,29.375591,5.000000,35.895479,cm,29.375591,5.000000,35.895479
912,912,21.597568,5.000000,38.111996,cm,21.597568,5.000000,38.111996
913,913,7.868406,5.000000,35.599184,cm,7.868406,5.000000,35.599184
914,914,15.631656,5.000000,40.080267,cm,15.631656,5.000000,40.080267
915,915,32.941654,5.000000,37.102784,cm,32.941654,5.000000,37.102784
916,916,4.385293,5.000000,31.083674,cm,4.385293,5.000000,31.083674
917,917,21.622237,5.000000,29.889748,cm,21.622237,5.000000,29.889748
918,918,46.773527,5.000000,46.774189,cm,46.773527,5.000000,46.774189
919,919,6.318077,5.000000,16.720998,cm,6.318077,5.000000,16.720998
920,920,34.580840,5.000000,10.378235,cm,34.580840,5.000000,10.378235
921,921,35.498759,5.000000,33.258526,cm,35.498759,5.000000,33.258526
922,922,7.610730,5.000000,30.865264,cm,7.610730,5.000000,30.865264
923,923,17.599961,5.000000,44.251935,cm,17.599961,5.000000,44.251935
924,924,28.551490,5.000000,32.491289,cm,28.551490,5.000000,32.491289
925,925,37.795690,5.000000,21.764955,cm,37.795690,5.000000,21.764955
926,926,32.374365,5.000000,13.528129,cm,32.374365,5.000000,13.528129
927,927,45.270341,5.000000,11.916428,cm,45.270341,5.000000,11.916428
928,928,4.831851,5.000000,24.127799,cm,4.831851,5.000000,24.127799
929,929,28.928585,5.000000,9.707676,cm,28.928585,5.000000,9.707676
930,930,39.572818,5.000000,12.972264,cm,39.572818,5.000000,12.972264
931,931,46.601276,5.000000,30.160394,cm,46.601276,5.000000,30.160394
932,932,23.695202,5.000000,21.754625,cm,23.695202,5.000000,21.754625
933,933,29.856700,5.000000,16.740826,cm,29.856700,5.000000,16.740826
934,934,49.680503,5.000000,17.501051,cm,49.680503,5.000000,17.501051
935,935,44.773691,5.000000,31.918271,cm,44.773691,5.000000,31.918271
936,936,10.411870,5.000000,8.750177,cm,10.411870,5.000000,8.750177
937,937,38.961802,5.000000,41.616587,cm,38.961802,5.000000,41.616587
938,938,19.112425,5.000000,27.784942,cm,19.112425,5.000000,27.784942
939,939,35.282534,5.000000,8.685775,cm,35.282534,5.000000,8.685775
940,940,30.183741,5.000000,13.725800,cm,30.183741,5.000000,13.725800
941,941,21.308552,5.000000,18.295088,cm,21.308552,5.000000,18.295088
942,942,34.143998,5.000000,7.024561,cm,34.143998,5.000000,7.024561
943,943,0.988226,5.000000,37.761239,cm,0.988226,5.000000,37.761239
944,944,1.050514,5.000000,41.257146,cm,1.050514,5.000000,41.257146
945,945,40.233763,5.000000,40.574284,cm,40.233763,5.000000,40.574284
946,946,39.589010,5.000000,19.395451,cm,39.589010,5.000000,19.395451
947,947,19.647098,5.000000,1.587365,cm,19.647098,5.000000,1.587365
948,948,3.617266,5.000000,11.447311,cm,3.617266,5.000000,11.447311
949,949,37.344653,5.000000,41.225628,cm,37.344653,5.000000,41.225628
950,950,27.541462,5.000000,36.484492,cm,27.541462,5.000000,36.484492
951,951,37.551735,5.000000,3.060339,cm,37.551735,5.000000,3.060339
952,952,38.910818,5.000000,31.369541,cm,38.910818,5.000000,31.369541
953,953,37.061379,5.000000,42.272159,cm,37.061379,5.000000,42.272159
954,954,22.619482,5.000000,39.028353,cm,22.619482,5.000000,39.028353
955,955,21.495814,5.000000,19.617240,cm,21.495814,5.000000,19.617240
956,956,40.794710,5.000000,43.654801,cm,40.794710,5.000000,43.654801
957,957,4.108520,5.000000,11.735653,cm,4.108520,5.000000,11.735653
958,958,2.487384,5.000000,35.539762,cm,2.487384,5.000000,35.539762
959,959,5.689191,5.000000,41.614893,cm,5.689191,5.000000,41.614893
960,960,49.110356,5.000000,37.408277,cm,49.110356,5.000000,37.408277
961,961,39.964748,5.000000,27.339845,cm,39.964748,5.000000,27.339845
962,962,25.573592,5.000000,15.622863,cm,25.573592,5.000000,15.622863
963,963,16.171470,5.000000,39.051257,cm,16.171470,5.000000,39.051257
964,964,18.814842,5.000000,29.200378,cm,18.814842,5.000000,29.200378
965,965,46.673480,5.000000,47.783291,cm,46.673480,5.000000,47.783291
966,966,4.768389,5.000000,14.472554,cm,4.768389,5.000000,14.472554
967,967,43.769735,5.000000,15.245738,cm,43.769735,5.000000,15.245738
968,968,30.959986,5.000000,28.797019,cm,30.959986,5.000000,28.797019
969,969,49.721376,5.000000,10.428785,cm,49.721376,5.000000,10.428785
970,970,33.235978,5.000000,25.785822,cm,33.235978,5.000000,25.785822
971,971,34.028243,5.000000,49.782679,cm,34.028243,5.000000,49.782679
972,972,3.515029,5.000000,14.881956,cm,3.515029,5.000000,14.881956
973,973,32.267864,5.000000,33.443718,cm,32.267864,5.000000,33.443718
974,974,9.701028,5.000000,2.838709,cm,9.701028,5.000000,2.838709
975,975,41.589132,5.000000,10.599555,cm,41.589132,5.000000,10.599555
976,976,38.405184,5.000000,47.171343,cm,38.405184,5.000000,47.171343
977,977,33.593418,5.000000,34.672342,cm,33.593418,5.000000,34.672342
978,978,7.275995,5.000000,49.629210,cm,7.275995,5.000000,49.629210
979,979,0.197143,5.000000,11.403480,cm,0.197143,5.000000,11.403480
980,980,22.584239,5.000000,35.178904,cm,22.584239,5.000000,35.178904
981,981,48.213319,5.000000,22.491643,cm,48.213319,5.000000,22.491643
982,982,12.635113,5.000000,8.501195,cm,12.635113,5.000000,8.501195
983,983,10.563327,5.000000,34.928309,cm,10.563327,5.000000,34.928309
984,984,33.991276,5.000000,33.992823,cm,33.991276,5.000000,33.992823
985,985,44.534752,5.000000,48.088761,cm,44.534752,5.000000,48.088761
986,986,46.892678,5.000000,39.349992,cm,46.892678,5.000000,39.349992
987,987,12.682864,5.000000,33.161595,cm,12.682864,5.000000,33.161595
988,988,8.831855,5.000000,38.409780,cm,8.831855,5.000000,38.409780
989,989,4.662547,5.000000,37.016960,cm,4.662547,5.000000,37.016960
990,990,31.138250,5.000000,41.275339,cm,31.138250,5.000000,41.275339
991,991,11.076222,5.000000,10.096480,cm,11.076222,5.000000,10.096480
992,992,20.318325,5.000000,16.777723,cm,20.318325,5.000000,16.777723
993,993,24.673625,5.000000,18.312308,cm,24.673625,5.000000,18.312308
994,994,11.732457,5.000000,41.045302,cm,11.732457,5.000000,41.045302
995,995,6.271500,5.000000,15.232337,cm,6.271500,5.000000,15.232337
996,996,35.565596,5.000000,10.649429,cm,35.565596,5.000000,10.649429
997,997,28.740748,5.000000,41.952564,cm,28.740748,5.000000,41.952564
998,998,5.638424,5.000000,13.442254,cm,5.638424,5.000000,13.442254
999,999,30.820759,5.000000,13.050290,cm,30.820759,5.000000,13.050290
