position_id,x_cm,z_cm,target_x_cm,target_z_cm
51,1.5,1.5,1.5625,1.5625
54,4.5,1.5,4.6875,1.5625
57,7.5,1.5,7.8125,1.5625
60,10.5,1.5,10.9375,1.5625
64,14.5,1.5,14.0625,1.5625
67,17.5,1.5,17.1875,1.5625
70,20.5,1.5,20.3125,1.5625
73,23.5,1.5,23.4375,1.5625
76,26.5,1.5,26.5625,1.5625
79,29.5,1.5,29.6875,1.5625
82,32.5,1.5,32.8125,1.5625
85,35.5,1.5,35.9375,1.5625
89,39.5,1.5,39.0625,1.5625
92,42.5,1.5,42.1875,1.5625
95,45.5,1.5,45.3125,1.5625
98,48.5,1.5,48.4375,1.5625
201,1.5,4.5,1.5625,4.6875
204,4.5,4.5,4.6875,4.6875
207,7.5,4.5,7.8125,4.6875
210,10.5,4.5,10.9375,4.6875
214,14.5,4.5,14.0625,4.6875
217,17.5,4.5,17.1875,4.6875
220,20.5,4.5,20.3125,4.6875
223,23.5,4.5,23.4375,4.6875
226,26.5,4.5,26.5625,4.6875
229,29.5,4.5,29.6875,4.6875
232,32.5,4.5,32.8125,4.6875
235,35.5,4.5,35.9375,4.6875
239,39.5,4.5,39.0625,4.6875
242,42.5,4.5,42.1875,4.6875
245,45.5,4.5,45.3125,4.6875
248,48.5,4.5,48.4375,4.6875
351,1.5,7.5,1.5625,7.8125
354,4.5,7.5,4.6875,7.8125
357,7.5,7.5,7.8125,7.8125
360,10.5,7.5,10.9375,7.8125
364,14.5,7.5,14.0625,7.8125
367,17.5,7.5,17.1875,7.8125
370,20.5,7.5,20.3125,7.8125
373,23.5,7.5,23.4375,7.8125
376,26.5,7.5,26.5625,7.8125
379,29.5,7.5,29.6875,7.8125
382,32.5,7.5,32.8125,7.8125
385,35.5,7.5,35.9375,7.8125
389,39.5,7.5,39.0625,7.8125
392,42.5,7.5,42.1875,7.8125
395,45.5,7.5,45.3125,7.8125
398,48.5,7.5,48.4375,7.8125
501,1.5,10.5,1.5625,10.9375
504,4.5,10.5,4.6875,10.9375
507,7.5,10.5,7.8125,10.9375
510,10.5,10.5,10.9375,10.9375
514,14.5,10.5,14.0625,10.9375
517,17.5,10.5,17.1875,10.9375
520,20.5,10.5,20.3125,10.9375
523,23.5,10.5,23.4375,10.9375
526,26.5,10.5,26.5625,10.9375
529,29.5,10.5,29.6875,10.9375
532,32.5,10.5,32.8125,10.9375
535,35.5,10.5,35.9375,10.9375
539,39.5,10.5,39.0625,10.9375
542,42.5,10.5,42.1875,10.9375
545,45.5,10.5,45.3125,10.9375
548,48.5,10.5,48.4375,10.9375
701,1.5,14.5,1.5625,14.0625
704,4.5,14.5,4.6875,14.0625
707,7.5,14.5,7.8125,14.0625
710,10.5,14.5,10.9375,14.0625
714,14.5,14.5,14.0625,14.0625
717,17.5,14.5,17.1875,14.0625
720,20.5,14.5,20.3125,14.0625
723,23.5,14.5,23.4375,14.0625
726,26.5,14.5,26.5625,14.0625
729,29.5,14.5,29.6875,14.0625
732,32.5,14.5,32.8125,14.0625
735,35.5,14.5,35.9375,14.0625
739,39.5,14.5,39.0625,14.0625
742,42.5,14.5,42.1875,14.0625
745,45.5,14.5,45.3125,14.0625
748,48.5,14.5,48.4375,14.0625
851,1.5,17.5,1.5625,17.1875
854,4.5,17.5,4.6875,17.1875
857,7.5,17.5,7.8125,17.1875
860,10.5,17.5,10.9375,17.1875
864,14.5,17.5,14.0625,17.1875
867,17.5,17.5,17.1875,17.1875
870,20.5,17.5,20.3125,17.1875
873,23.5,17.5,23.4375,17.1875
876,26.5,17.5,26.5625,17.1875
879,29.5,17.5,29.6875,17.1875
882,32.5,17.5,32.8125,17.1875
885,35.5,17.5,35.9375,17.1875
889,39.5,17.5,39.0625,17.1875
892,42.5,17.5,42.1875,17.1875
895,45.5,17.5,45.3125,17.1875
898,48.5,17.5,48.4375,17.1875
1001,1.5,20.5,1.5625,20.3125
1004,4.5,20.5,4.6875,20.3125
1007,7.5,20.5,7.8125,20.3125
1010,10.5,20.5,10.9375,20.3125
1014,14.5,20.5,14.0625,20.3125
1017,17.5,20.5,17.1875,20.3125
1020,20.5,20.5,20.3125,20.3125
1023,23.5,20.5,23.4375,20.3125
1026,26.5,20.5,26.5625,20.3125
1029,29.5,20.5,29.6875,20.3125
1032,32.5,20.5,32.8125,20.3125
1035,35.5,20.5,35.9375,20.3125
1039,39.5,20.5,39.0625,20.3125
1042,42.5,20.5,42.1875,20.3125
1045,45.5,20.5,45.3125,20.3125
1048,48.5,20.5,48.4375,20.3125
1151,1.5,23.5,1.5625,23.4375
1154,4.5,23.5,4.6875,23.4375
1157,7.5,23.5,7.8125,23.4375
1160,10.5,23.5,10.9375,23.4375
1164,14.5,23.5,14.0625,23.4375
1167,17.5,23.5,17.1875,23.4375
1170,20.5,23.5,20.3125,23.4375
1173,23.5,23.5,23.4375,23.4375
1176,26.5,23.5,26.5625,23.4375
1179,29.5,23.5,29.6875,23.4375
1182,32.5,23.5,32.8125,23.4375
1185,35.5,23.5,35.9375,23.4375
1189,39.5,23.5,39.0625,23.4375
1192,42.5,23.5,42.1875,23.4375
1195,45.5,23.5,45.3125,23.4375
1198,48.5,23.5,48.4375,23.4375
1301,1.5,26.5,1.5625,26.5625
1304,4.5,26.5,4.6875,26.5625
1307,7.5,26.5,7.8125,26.5625
1310,10.5,26.5,10.9375,26.5625
1314,14.5,26.5,14.0625,26.5625
1317,17.5,26.5,17.1875,26.5625
1320,20.5,26.5,20.3125,26.5625
1323,23.5,26.5,23.4375,26.5625
1326,26.5,26.5,26.5625,26.5625
1329,29.5,26.5,29.6875,26.5625
1332,32.5,26.5,32.8125,26.5625
1335,35.5,26.5,35.9375,26.5625
1339,39.5,26.5,39.0625,26.5625
1342,42.5,26.5,42.1875,26.5625
1345,45.5,26.5,45.3125,26.5625
1348,48.5,26.5,48.4375,26.5625
1451,1.5,29.5,1.5625,29.6875
1454,4.5,29.5,4.6875,29.6875
1457,7.5,29.5,7.8125,29.6875
1460,10.5,29.5,10.9375,29.6875
1464,14.5,29.5,14.0625,29.6875
1467,17.5,29.5,17.1875,29.6875
1470,20.5,29.5,20.3125,29.6875
1473,23.5,29.5,23.4375,29.6875
1476,26.5,29.5,26.5625,29.6875
1479,29.5,29.5,29.6875,29.6875
1482,32.5,29.5,32.8125,29.6875
1485,35.5,29.5,35.9375,29.6875
1489,39.5,29.5,39.0625,29.6875
1492,42.5,29.5,42.1875,29.6875
1495,45.5,29.5,45.3125,29.6875
1498,48.5,29.5,48.4375,29.6875
1601,1.5,32.5,1.5625,32.8125
1604,4.5,32.5,4.6875,32.8125
1607,7.5,32.5,7.8125,32.8125
1610,10.5,32.5,10.9375,32.8125
1614,14.5,32.5,14.0625,32.8125
1617,17.5,32.5,17.1875,32.8125
1620,20.5,32.5,20.3125,32.8125
1623,23.5,32.5,23.4375,32.8125
1626,26.5,32.5,26.5625,32.8125
1629,29.5,32.5,29.6875,32.8125
1632,32.5,32.5,32.8125,32.8125
1635,35.5,32.5,35.9375,32.8125
1639,39.5,32.5,39.0625,32.8125
1642,42.5,32.5,42.1875,32.8125
1645,45.5,32.5,45.3125,32.8125
1648,48.5,32.5,48.4375,32.8125
1751,1.5,35.5,1.5625,35.9375
1754,4.5,35.5,4.6875,35.9375
1757,7.5,35.5,7.8125,35.9375
1760,10.5,35.5,10.9375,35.9375
1764,14.5,35.5,14.0625,35.9375
1767,17.5,35.5,17.1875,35.9375
1770,20.5,35.5,20.3125,35.9375
1773,23.5,35.5,23.4375,35.9375
1776,26.5,35.5,26.5625,35.9375
1779,29.5,35.5,29.6875,35.9375
1782,32.5,35.5,32.8125,35.9375
1785,35.5,35.5,35.9375,35.9375
1789,39.5,35.5,39.0625,35.9375
1792,42.5,35.5,42.1875,35.9375
1795,45.5,35.5,45.3125,35.9375
1798,48.5,35.5,48.4375,35.9375
1951,1.5,39.5,1.5625,39.0625
1954,4.5,39.5,4.6875,39.0625
1957,7.5,39.5,7.8125,39.0625
1960,10.5,39.5,10.9375,39.0625
1964,14.5,39.5,14.0625,39.0625
1967,17.5,39.5,17.1875,39.0625
1970,20.5,39.5,20.3125,39.0625
1973,23.5,39.5,23.4375,39.0625
1976,26.5,39.5,26.5625,39.0625
1979,29.5,39.5,29.6875,39.0625
1982,32.5,39.5,32.8125,39.0625
1985,35.5,39.5,35.9375,39.0625
1989,39.5,39.5,39.0625,39.0625
1992,42.5,39.5,42.1875,39.0625
1995,45.5,39.5,45.3125,39.0625
1998,48.5,39.5,48.4375,39.0625
2101,1.5,42.5,1.5625,42.1875
2104,4.5,42.5,4.6875,42.1875
2107,7.5,42.5,7.8125,42.1875
2110,10.5,42.5,10.9375,42.1875
2114,14.5,42.5,14.0625,42.1875
2117,17.5,42.5,17.1875,42.1875
2120,20.5,42.5,20.3125,42.1875
2123,23.5,42.5,23.4375,42.1875
2126,26.5,42.5,26.5625,42.1875
2129,29.5,42.5,29.6875,42.1875
2132,32.5,42.5,32.8125,42.1875
2135,35.5,42.5,35.9375,42.1875
2139,39.5,42.5,39.0625,42.1875
2142,42.5,42.5,42.1875,42.1875
2145,45.5,42.5,45.3125,42.1875
2148,48.5,42.5,48.4375,42.1875
2251,1.5,45.5,1.5625,45.3125
2254,4.5,45.5,4.6875,45.3125
2257,7.5,45.5,7.8125,45.3125
2260,10.5,45.5,10.9375,45.3125
2264,14.5,45.5,14.0625,45.3125
2267,17.5,45.5,17.1875,45.3125
2270,20.5,45.5,20.3125,45.3125
2273,23.5,45.5,23.4375,45.3125
2276,26.5,45.5,26.5625,45.3125
2279,29.5,45.5,29.6875,45.3125
2282,32.5,45.5,32.8125,45.3125
2285,35.5,45.5,35.9375,45.3125
2289,39.5,45.5,39.0625,45.3125
2292,42.5,45.5,42.1875,45.3125
2295,45.5,45.5,45.3125,45.3125
2298,48.5,45.5,48.4375,45.3125
2401,1.5,48.5,1.5625,48.4375
2404,4.5,48.5,4.6875,48.4375
2407,7.5,48.5,7.8125,48.4375
2410,10.5,48.5,10.9375,48.4375
2414,14.5,48.5,14.0625,48.4375
2417,17.5,48.5,17.1875,48.4375
2420,20.5,48.5,20.3125,48.4375
2423,23.5,48.5,23.4375,48.4375
2426,26.5,48.5,26.5625,48.4375
2429,29.5,48.5,29.6875,48.4375
2432,32.5,48.5,32.8125,48.4375
2435,35.5,48.5,35.9375,48.4375
2439,39.5,48.5,39.0625,48.4375
2442,42.5,48.5,42.1875,48.4375
2445,45.5,48.5,45.3125,48.4375
2448,48.5,48.5,48.4375,48.4375
